,Disease,Disease Type,Year,Week,2025,2024,Median 2020-2024,Cumulative 2025,Cumulative 2024,Cumulative Median 2020-2024
190,Acute Hepatitis A,FOOD/WATER-BORNE DISEASES,2025,1,1.0,2,1,1,2.0,1
191,Acute Hepatitis E,FOOD/WATER-BORNE DISEASES,2025,1,0.0,1,1,0,1.0,1
192,Campylobacteriosis,FOOD/WATER-BORNE DISEASES,2025,1,19.0,13,14,19,13.0,14
193,Cholera,FOOD/WATER-BORNE DISEASES,2025,1,2.0,0,0,2,0.0,0
194,Paratyphoid,FOOD/WATER-BORNE DISEASES,2025,1,2.0,0,0,2,0.0,0
195,Poliomyelitis,FOOD/WATER-BORNE DISEASES,2025,1,0.0,0,0,0,0.0,0
196,Salmonellosis,FOOD/WATER-BORNE DISEASES,2025,1,27.0,21,21,27,21.0,21
197,Typhoid,FOOD/WATER-BORNE DISEASES,2025,1,0.0,1,1,0,1.0,1
198,Chikungunya Fever,VECTOR-BORNE DISEASES,2025,1,1.0,0,0,1,0.0,0
199,Dengue Fever,VECTOR-BORNE DISEASES,2025,1,97.0,305,279,97,305.0,279
200,Dengue Haemorrhagic Fever,VECTOR-BORNE DISEASES,2025,1,0.0,0,0,0,0.0,0
201,Japanese Encephalitis,VECTOR-BORNE DISEASES,2025,1,0.0,0,0,0,0.0,0
202,Leptospirosis,VECTOR-BORNE DISEASES,2025,1,3.0,0,0,3,0.0,0
203,Malaria,VECTOR-BORNE DISEASES,2025,1,2.0,0,0,2,0.0,0
204,Murine Typhus,VECTOR-BORNE DISEASES,2025,1,3.0,0,0,3,0.0,0
205,Nipah Virus Infection,VECTOR-BORNE DISEASES,2025,1,0.0,0,0,0,0.0,0
206,Plague,VECTOR-BORNE DISEASES,2025,1,0.0,0,0,0,0.0,0
207,Yellow Fever,VECTOR-BORNE DISEASES,2025,1,0.0,0,0,0,0.0,0
208,Zika Virus Infection,VECTOR-BORNE DISEASES,2025,1,0.0,0,0,0,0.0,0
209,Avian Influenza,AIR/DROPLET-BORNE DISEASES,2025,1,0.0,0,0,0,0.0,0
210,Diphtheria,AIR/DROPLET-BORNE DISEASES,2025,1,0.0,0,0,0,0.0,0
211,Ebola Virus Disease,AIR/DROPLET-BORNE DISEASES,2025,1,0.0,0,0,0,0.0,0
212,Haemophilus influenzae  type b,AIR/DROPLET-BORNE DISEASES,2025,1,0.0,0,0,0,0.0,0
213,Legionellosis,AIR/DROPLET-BORNE DISEASES,2025,1,0.0,0,0,0,0.0,0
214,Measles,AIR/DROPLET-BORNE DISEASES,2025,1,1.0,0,0,1,0.0,0
215,Melioidosis,AIR/DROPLET-BORNE DISEASES,2025,1,1.0,0,0,1,0.0,0
216,Meningococcal Disease,AIR/DROPLET-BORNE DISEASES,2025,1,0.0,0,0,0,0.0,0
217,Middle East Respiratory Syndrome^,AIR/DROPLET-BORNE DISEASES,2025,1,0.0,0,0,0,0.0,0
218,"#Mpox",AIR/DROPLET-BORNE DISEASES,2025,1,0.0,0,,0,0.0,
219,Mumps,AIR/DROPLET-BORNE DISEASES,2025,1,0.0,2,2,0,2.0,2
220,Pertussis,AIR/DROPLET-BORNE DISEASES,2025,1,3.0,1,1,3,1.0,1
221,Pneumococcal Disease (Invasive),AIR/DROPLET-BORNE DISEASES,2025,1,2.0,4,2,2,4.0,2
222,Rubella,AIR/DROPLET-BORNE DISEASES,2025,1,0.0,0,0,0,0.0,0
223,Severe Acute Respiratory Syndrome,AIR/DROPLET-BORNE DISEASES,2025,1,0.0,0,0,0,0.0,0
224,Tetanus,AIR/DROPLET-BORNE DISEASES,2025,1,0.0,0,0,0,0.0,0
225,Acute Hepatitis B,OTHER DISEASES,2025,1,1.0,1,0,1,1.0,0
226,Acute Hepatitis C,OTHER DISEASES,2025,1,0.0,0,0,0,0.0,0
227,Botulism,OTHER DISEASES,2025,1,0.0,0,0,0,0.0,0
228,Acute Hepatitis A,FOOD/WATER-BORNE DISEASES,2025,2,3.0,1,1,4,3.0,1
229,Acute Hepatitis E,FOOD/WATER-BORNE DISEASES,2025,2,2.0,3,3,2,4.0,4
230,Campylobacteriosis,FOOD/WATER-BORNE DISEASES,2025,2,13.0,10,10,27,23.0,24
231,Cholera,FOOD/WATER-BORNE DISEASES,2025,2,0.0,0,0,2,0.0,0
232,Paratyphoid,FOOD/WATER-BORNE DISEASES,2025,2,0.0,0,0,2,0.0,0
233,Poliomyelitis,FOOD/WATER-BORNE DISEASES,2025,2,0.0,0,0,0,0.0,0
234,Salmonellosis,FOOD/WATER-BORNE DISEASES,2025,2,22.0,23,23,48,44.0,44
235,Typhoid,FOOD/WATER-BORNE DISEASES,2025,2,2.0,0,1,2,1.0,2
236,Chikungunya Fever,VECTOR-BORNE DISEASES,2025,2,0.0,0,0,1,0.0,0
237,Dengue Fever,VECTOR-BORNE DISEASES,2025,2,119.0,394,278,216,699.0,557
238,Dengue Haemorrhagic Fever,VECTOR-BORNE DISEASES,2025,2,0.0,0,0,0,0.0,0
239,Japanese Encephalitis,VECTOR-BORNE DISEASES,2025,2,0.0,0,0,0,0.0,0
240,Leptospirosis,VECTOR-BORNE DISEASES,2025,2,0.0,0,0,3,0.0,0
241,Malaria,VECTOR-BORNE DISEASES,2025,2,1.0,1,0,3,1.0,0
242,Murine Typhus,VECTOR-BORNE DISEASES,2025,2,9.0,1,0,12,1.0,1
243,Nipah Virus Infection,VECTOR-BORNE DISEASES,2025,2,0.0,0,0,0,0.0,0
244,Plague,VECTOR-BORNE DISEASES,2025,2,0.0,0,0,0,0.0,0
245,Yellow Fever,VECTOR-BORNE DISEASES,2025,2,0.0,0,0,0,0.0,0
246,Zika Virus Infection,VECTOR-BORNE DISEASES,2025,2,2.0,1,0,2,1.0,0
247,Avian Influenza,AIR/DROPLET-BORNE DISEASES,2025,2,0.0,0,0,0,0.0,0
248,Diphtheria,AIR/DROPLET-BORNE DISEASES,2025,2,0.0,0,0,0,0.0,0
249,Ebola Virus Disease,AIR/DROPLET-BORNE DISEASES,2025,2,0.0,0,0,0,0.0,0
250,Haemophilus influenzae  type b,AIR/DROPLET-BORNE DISEASES,2025,2,0.0,0,0,0,0.0,0
251,Legionellosis,AIR/DROPLET-BORNE DISEASES,2025,2,0.0,3,0,0,3.0,1
252,Measles,AIR/DROPLET-BORNE DISEASES,2025,2,0.0,0,0,1,0.0,0
253,Melioidosis,AIR/DROPLET-BORNE DISEASES,2025,2,3.0,1,0,4,1.0,1
254,Meningococcal Disease,AIR/DROPLET-BORNE DISEASES,2025,2,0.0,0,0,0,0.0,0
255,Middle East Respiratory Syndrome^,AIR/DROPLET-BORNE DISEASES,2025,2,0.0,0,0,0,0.0,0
256,"#Mpox",AIR/DROPLET-BORNE DISEASES,2025,2,0.0,0,,0,0.0,
257,Mumps,AIR/DROPLET-BORNE DISEASES,2025,2,5.0,8,7,5,10.0,10
258,Pertussis,AIR/DROPLET-BORNE DISEASES,2025,2,4.0,3,0,7,4.0,1
259,Pneumococcal Disease (Invasive),AIR/DROPLET-BORNE DISEASES,2025,2,11.0,3,3,13,7.0,5
260,Rubella,AIR/DROPLET-BORNE DISEASES,2025,2,0.0,0,0,0,0.0,0
261,Severe Acute Respiratory Syndrome,AIR/DROPLET-BORNE DISEASES,2025,2,0.0,0,0,0,0.0,0
262,Tetanus,AIR/DROPLET-BORNE DISEASES,2025,2,0.0,0,0,0,0.0,0
263,Acute Hepatitis B,OTHER DISEASES,2025,2,0.0,1,1,1,2.0,1
264,Acute Hepatitis C,OTHER DISEASES,2025,2,1.0,0,0,2,0.0,0
265,Botulism,OTHER DISEASES,2025,2,0.0,0,0,0,0.0,0
266,Acute Hepatitis A,FOOD/WATER-BORNE DISEASES,2025,3,2.0,0,0,6,3.0,3
267,Acute Hepatitis E,FOOD/WATER-BORNE DISEASES,2025,3,1.0,1,1,3,5.0,5
268,Campylobacteriosis,FOOD/WATER-BORNE DISEASES,2025,3,8.0,9,9,33,32.0,32
269,Cholera,FOOD/WATER-BORNE DISEASES,2025,3,0.0,0,0,2,0.0,0
270,Paratyphoid,FOOD/WATER-BORNE DISEASES,2025,3,0.0,1,0,2,1.0,1
271,Poliomyelitis,FOOD/WATER-BORNE DISEASES,2025,3,0.0,0,0,0,0.0,0
272,Salmonellosis,FOOD/WATER-BORNE DISEASES,2025,3,24.0,25,25,72,69.0,70
273,Typhoid,FOOD/WATER-BORNE DISEASES,2025,3,3.0,2,2,5,3.0,4
274,Chikungunya Fever,VECTOR-BORNE DISEASES,2025,3,0.0,0,0,1,0.0,0
275,Dengue Fever,VECTOR-BORNE DISEASES,2025,3,98.0,409,272,314,1108.0,829
276,Dengue Haemorrhagic Fever,VECTOR-BORNE DISEASES,2025,3,1.0,0,1,1,0.0,2
277,Japanese Encephalitis,VECTOR-BORNE DISEASES,2025,3,0.0,0,0,0,0.0,0
278,Leptospirosis,VECTOR-BORNE DISEASES,2025,3,0.0,6,2,3,6.0,3
279,Malaria,VECTOR-BORNE DISEASES,2025,3,3.0,3,0,6,4.0,0
280,Murine Typhus,VECTOR-BORNE DISEASES,2025,3,2.0,1,0,14,2.0,1
281,Nipah Virus Infection,VECTOR-BORNE DISEASES,2025,3,0.0,0,0,0,0.0,0
282,Plague,VECTOR-BORNE DISEASES,2025,3,0.0,0,0,0,0.0,0
283,Yellow Fever,VECTOR-BORNE DISEASES,2025,3,0.0,0,0,0,0.0,0
284,Zika Virus Infection,VECTOR-BORNE DISEASES,2025,3,0.0,0,0,2,1.0,0
285,Avian Influenza,AIR/DROPLET-BORNE DISEASES,2025,3,0.0,0,0,0,0.0,0
286,Diphtheria,AIR/DROPLET-BORNE DISEASES,2025,3,0.0,0,0,0,0.0,0
287,Ebola Virus Disease,AIR/DROPLET-BORNE DISEASES,2025,3,0.0,0,0,0,0.0,0
288,Haemophilus influenzae  type b,AIR/DROPLET-BORNE DISEASES,2025,3,0.0,0,0,0,0.0,0
289,Legionellosis,AIR/DROPLET-BORNE DISEASES,2025,3,1.0,0,0,1,3.0,1
290,Measles,AIR/DROPLET-BORNE DISEASES,2025,3,0.0,0,0,1,0.0,0
291,Melioidosis,AIR/DROPLET-BORNE DISEASES,2025,3,1.0,2,2,5,3.0,2
292,Meningococcal Disease,AIR/DROPLET-BORNE DISEASES,2025,3,0.0,0,0,0,0.0,0
293,Middle East Respiratory Syndrome^,AIR/DROPLET-BORNE DISEASES,2025,3,0.0,0,0,0,0.0,0
294,Mpox#,AIR/DROPLET-BORNE DISEASES,2025,3,1.0,0,,1,0.0,
295,Mumps,AIR/DROPLET-BORNE DISEASES,2025,3,10.0,8,5,15,18.0,16
296,Pertussis,AIR/DROPLET-BORNE DISEASES,2025,3,3.0,1,1,10,5.0,2
297,Pneumococcal Disease (Invasive),AIR/DROPLET-BORNE DISEASES,2025,3,1.0,2,2,14,9.0,7
298,Rubella,AIR/DROPLET-BORNE DISEASES,2025,3,0.0,0,0,0,0.0,0
299,Severe Acute Respiratory Syndrome,AIR/DROPLET-BORNE DISEASES,2025,3,0.0,0,0,0,0.0,0
300,Tetanus,AIR/DROPLET-BORNE DISEASES,2025,3,0.0,0,0,0,0.0,0
301,Acute Hepatitis B,OTHER DISEASES,2025,3,1.0,1,1,3,3.0,1
302,Acute Hepatitis C,OTHER DISEASES,2025,3,0.0,1,0,2,1.0,1
303,Botulism,OTHER DISEASES,2025,3,0.0,0,0,0,0.0,0
304,Acute Hepatitis A,FOOD/WATER-BORNE DISEASES,2025,4,3.0,0,0,9,3.0,3
305,Acute Hepatitis E,FOOD/WATER-BORNE DISEASES,2025,4,0.0,0,1,3,5.0,5
306,Campylobacteriosis,FOOD/WATER-BORNE DISEASES,2025,4,16.0,8,10,47,40.0,42
307,Cholera,FOOD/WATER-BORNE DISEASES,2025,4,0.0,0,0,2,0.0,0
308,Paratyphoid,FOOD/WATER-BORNE DISEASES,2025,4,0.0,2,0,2,3.0,2
309,Poliomyelitis,FOOD/WATER-BORNE DISEASES,2025,4,0.0,0,0,0,0.0,0
310,Salmonellosis,FOOD/WATER-BORNE DISEASES,2025,4,19.0,20,20,91,89.0,91
311,Typhoid,FOOD/WATER-BORNE DISEASES,2025,4,1.0,0,1,6,3.0,5
312,Chikungunya Fever,VECTOR-BORNE DISEASES,2025,4,0.0,0,0,1,0.0,0
313,Dengue Fever,VECTOR-BORNE DISEASES,2025,4,117.0,428,186,431,1536.0,1015
314,Dengue Haemorrhagic Fever,VECTOR-BORNE DISEASES,2025,4,1.0,2,2,2,2.0,2
315,Japanese Encephalitis,VECTOR-BORNE DISEASES,2025,4,0.0,0,0,0,0.0,0
316,Leptospirosis,VECTOR-BORNE DISEASES,2025,4,1.0,4,2,4,10.0,5
317,Malaria,VECTOR-BORNE DISEASES,2025,4,0.0,0,0,6,4.0,1
318,Murine Typhus,VECTOR-BORNE DISEASES,2025,4,2.0,0,0,16,2.0,1
319,Nipah Virus Infection,VECTOR-BORNE DISEASES,2025,4,0.0,0,0,0,0.0,0
320,Plague,VECTOR-BORNE DISEASES,2025,4,0.0,0,0,0,0.0,0
321,Yellow Fever,VECTOR-BORNE DISEASES,2025,4,0.0,0,0,0,0.0,0
322,Zika Virus Infection,VECTOR-BORNE DISEASES,2025,4,0.0,0,0,2,1.0,0
323,Avian Influenza,AIR/DROPLET-BORNE DISEASES,2025,4,0.0,0,0,0,0.0,0
324,Diphtheria,AIR/DROPLET-BORNE DISEASES,2025,4,0.0,0,0,0,0.0,0
325,Ebola Virus Disease,AIR/DROPLET-BORNE DISEASES,2025,4,0.0,0,0,0,0.0,0
326,Haemophilus influenzae  type b,AIR/DROPLET-BORNE DISEASES,2025,4,0.0,0,0,0,0.0,0
327,Legionellosis,AIR/DROPLET-BORNE DISEASES,2025,4,0.0,1,0,1,4.0,1
328,Measles,AIR/DROPLET-BORNE DISEASES,2025,4,1.0,1,0,2,1.0,1
329,Melioidosis,AIR/DROPLET-BORNE DISEASES,2025,4,1.0,0,1,6,3.0,3
330,Meningococcal Disease,AIR/DROPLET-BORNE DISEASES,2025,4,0.0,0,1,0,0.0,1
331,Middle East Respiratory Syndrome^,AIR/DROPLET-BORNE DISEASES,2025,4,0.0,0,0,0,0.0,0
332,"#Mpox",AIR/DROPLET-BORNE DISEASES,2025,4,0.0,0,,1,0.0,
333,Mumps,AIR/DROPLET-BORNE DISEASES,2025,4,4.0,5,5,19,23.0,21
334,Pertussis,AIR/DROPLET-BORNE DISEASES,2025,4,4.0,2,0,14,7.0,2
335,Pneumococcal Disease (Invasive),AIR/DROPLET-BORNE DISEASES,2025,4,4.0,2,2,18,11.0,10
336,Rubella,AIR/DROPLET-BORNE DISEASES,2025,4,0.0,0,0,0,0.0,0
337,Severe Acute Respiratory Syndrome,AIR/DROPLET-BORNE DISEASES,2025,4,0.0,0,0,0,0.0,0
338,Tetanus,AIR/DROPLET-BORNE DISEASES,2025,4,0.0,0,0,0,0.0,0
339,Acute Hepatitis B,OTHER DISEASES,2025,4,1.0,0,1,4,3.0,2
340,Acute Hepatitis C,OTHER DISEASES,2025,4,1.0,1,0,3,2.0,2
341,Botulism,OTHER DISEASES,2025,4,0.0,0,0,0,0.0,0
342,Acute Hepatitis A,FOOD/WATER-BORNE DISEASES,2025,5,4.0,1,0,13,4.0,4
343,Acute Hepatitis E,FOOD/WATER-BORNE DISEASES,2025,5,0.0,0,1,3,5.0,5
344,Campylobacteriosis,FOOD/WATER-BORNE DISEASES,2025,5,13.0,12,11,58,52.0,52
345,Cholera,FOOD/WATER-BORNE DISEASES,2025,5,0.0,0,0,2,0.0,0
346,Paratyphoid,FOOD/WATER-BORNE DISEASES,2025,5,1.0,1,0,3,4.0,2
347,Poliomyelitis,FOOD/WATER-BORNE DISEASES,2025,5,0.0,0,0,0,0.0,0
348,Salmonellosis,FOOD/WATER-BORNE DISEASES,2025,5,10.0,26,16,99,115.0,108
349,Typhoid,FOOD/WATER-BORNE DISEASES,2025,5,0.0,2,2,6,5.0,8
350,Chikungunya Fever,VECTOR-BORNE DISEASES,2025,5,0.0,0,0,1,0.0,0
351,Dengue Fever,VECTOR-BORNE DISEASES,2025,5,54.0,485,223,485,2021.0,1238
352,Dengue Haemorrhagic Fever,VECTOR-BORNE DISEASES,2025,5,0.0,1,0,2,3.0,3
353,Japanese Encephalitis,VECTOR-BORNE DISEASES,2025,5,0.0,0,0,0,0.0,0
354,Leptospirosis,VECTOR-BORNE DISEASES,2025,5,3.0,0,0,7,10.0,5
355,Malaria,VECTOR-BORNE DISEASES,2025,5,0.0,0,0,6,4.0,2
356,Murine Typhus,VECTOR-BORNE DISEASES,2025,5,0.0,1,0,16,3.0,1
357,Nipah Virus Infection,VECTOR-BORNE DISEASES,2025,5,0.0,0,0,0,0.0,0
358,Plague,VECTOR-BORNE DISEASES,2025,5,0.0,0,0,0,0.0,0
359,Yellow Fever,VECTOR-BORNE DISEASES,2025,5,0.0,0,0,0,0.0,0
360,Zika Virus Infection,VECTOR-BORNE DISEASES,2025,5,0.0,0,0,2,1.0,0
361,Avian Influenza,AIR/DROPLET-BORNE DISEASES,2025,5,0.0,0,0,0,0.0,0
362,Diphtheria,AIR/DROPLET-BORNE DISEASES,2025,5,0.0,0,0,0,0.0,0
363,Ebola Virus Disease,AIR/DROPLET-BORNE DISEASES,2025,5,0.0,0,0,0,0.0,0
364,Haemophilus influenzae  type b,AIR/DROPLET-BORNE DISEASES,2025,5,0.0,0,0,0,0.0,0
365,Legionellosis,AIR/DROPLET-BORNE DISEASES,2025,5,2.0,0,1,3,4.0,2
366,Measles,AIR/DROPLET-BORNE DISEASES,2025,5,0.0,0,0,2,1.0,1
367,Melioidosis,AIR/DROPLET-BORNE DISEASES,2025,5,1.0,1,1,7,4.0,4
368,Meningococcal Disease,AIR/DROPLET-BORNE DISEASES,2025,5,0.0,0,0,0,0.0,1
369,Middle East Respiratory Syndrome^,AIR/DROPLET-BORNE DISEASES,2025,5,0.0,0,0,0,0.0,0
370,"#Mpox",AIR/DROPLET-BORNE DISEASES,2025,5,1.0,0,,2,0.0,
371,Mumps,AIR/DROPLET-BORNE DISEASES,2025,5,3.0,3,4,22,26.0,25
372,Pertussis,AIR/DROPLET-BORNE DISEASES,2025,5,1.0,0,0,15,7.0,2
373,Pneumococcal Disease (Invasive),AIR/DROPLET-BORNE DISEASES,2025,5,1.0,5,4,18,16.0,16
374,Rubella,AIR/DROPLET-BORNE DISEASES,2025,5,0.0,0,0,0,0.0,0
375,Severe Acute Respiratory Syndrome,AIR/DROPLET-BORNE DISEASES,2025,5,0.0,0,0,0,0.0,0
376,Tetanus,AIR/DROPLET-BORNE DISEASES,2025,5,0.0,0,0,0,0.0,0
377,Acute Hepatitis B,OTHER DISEASES,2025,5,1.0,2,1,5,5.0,3
378,Acute Hepatitis C,OTHER DISEASES,2025,5,0.0,0,0,6,2.0,2
379,Botulism,OTHER DISEASES,2025,5,0.0,0,0,0,0.0,0
874,Acute Hepatitis A,FOOD/WATER-BORNE DISEASES,2025,6,1.0,2,1,14,6.0,5
875,Acute Hepatitis E,FOOD/WATER-BORNE DISEASES,2025,6,1.0,1,1,4,6.0,6
876,Campylobacteriosis,FOOD/WATER-BORNE DISEASES,2025,6,13.0,7,10,69,59.0,59
877,Cholera,FOOD/WATER-BORNE DISEASES,2025,6,0.0,0,0,2,0.0,0
878,Paratyphoid,FOOD/WATER-BORNE DISEASES,2025,6,0.0,1,0,3,5.0,2
879,Poliomyelitis,FOOD/WATER-BORNE DISEASES,2025,6,1.0,0,0,1,0.0,0
880,Salmonellosis,FOOD/WATER-BORNE DISEASES,2025,6,34.0,17,23,133,132.0,132
881,Typhoid,FOOD/WATER-BORNE DISEASES,2025,6,0.0,0,0,6,5.0,8
882,Chikungunya Fever,VECTOR-BORNE DISEASES,2025,6,0.0,0,0,1,0.0,0
883,Dengue Fever,VECTOR-BORNE DISEASES,2025,6,112.0,514,218,597,2535.0,1456
884,Dengue Haemorrhagic Fever,VECTOR-BORNE DISEASES,2025,6,1.0,1,1,3,4.0,4
885,Japanese Encephalitis,VECTOR-BORNE DISEASES,2025,6,0.0,0,0,0,0.0,0
886,Leptospirosis,VECTOR-BORNE DISEASES,2025,6,2.0,3,1,9,13.0,5
887,Malaria,VECTOR-BORNE DISEASES,2025,6,0.0,0,0,6,4.0,2
888,Murine Typhus,VECTOR-BORNE DISEASES,2025,6,0.0,1,1,16,4.0,2
889,Nipah Virus Infection,VECTOR-BORNE DISEASES,2025,6,0.0,0,0,0,0.0,0
890,Plague,VECTOR-BORNE DISEASES,2025,6,0.0,0,0,0,0.0,0
891,Yellow Fever,VECTOR-BORNE DISEASES,2025,6,0.0,0,0,0,0.0,0
892,Zika Virus Infection,VECTOR-BORNE DISEASES,2025,6,0.0,2,0,2,3.0,0
893,Avian Influenza,AIR/DROPLET-BORNE DISEASES,2025,6,0.0,0,0,0,0.0,0
894,Diphtheria,AIR/DROPLET-BORNE DISEASES,2025,6,0.0,0,0,0,0.0,0
895,Ebola Virus Disease,AIR/DROPLET-BORNE DISEASES,2025,6,0.0,0,0,0,0.0,0
896,Haemophilus influenzae  type b,AIR/DROPLET-BORNE DISEASES,2025,6,0.0,0,0,0,0.0,0
897,Legionellosis,AIR/DROPLET-BORNE DISEASES,2025,6,1.0,0,0,4,4.0,3
898,Measles,AIR/DROPLET-BORNE DISEASES,2025,6,0.0,0,0,2,1.0,1
899,Melioidosis,AIR/DROPLET-BORNE DISEASES,2025,6,1.0,0,1,8,4.0,5
900,Meningococcal Disease,AIR/DROPLET-BORNE DISEASES,2025,6,1.0,0,0,1,0.0,1
901,Middle East Respiratory Syndrome^,AIR/DROPLET-BORNE DISEASES,2025,6,0.0,0,0,0,0.0,0
902,Mpox#,AIR/DROPLET-BORNE DISEASES,2025,6,0.0,1,,2,1.0,
903,Mumps,AIR/DROPLET-BORNE DISEASES,2025,6,4.0,8,7,26,34.0,28
904,Pertussis,AIR/DROPLET-BORNE DISEASES,2025,6,1.0,3,0,16,10.0,2
905,Pneumococcal Disease (Invasive),AIR/DROPLET-BORNE DISEASES,2025,6,3.0,0,0,21,16.0,16
906,Rubella,AIR/DROPLET-BORNE DISEASES,2025,6,0.0,0,0,0,0.0,0
907,Severe Acute Respiratory Syndrome,AIR/DROPLET-BORNE DISEASES,2025,6,0.0,0,0,0,0.0,0
908,Tetanus,AIR/DROPLET-BORNE DISEASES,2025,6,0.0,0,0,0,0.0,0
909,Acute Hepatitis B,OTHER DISEASES,2025,6,1.0,1,1,6,6.0,4
910,Acute Hepatitis C,OTHER DISEASES,2025,6,0.0,0,0,6,2.0,2
911,Botulism,OTHER DISEASES,2025,6,0.0,0,0,0,0.0,0
380,Acute Hepatitis A,FOOD/WATER-BORNE DISEASES,2025,7,2.0,1,0,16,7.0,5
381,Acute Hepatitis E,FOOD/WATER-BORNE DISEASES,2025,7,1.0,1,1,4,7.0,8
382,Campylobacteriosis,FOOD/WATER-BORNE DISEASES,2025,7,11.0,7,12,80,66.0,66
383,Cholera,FOOD/WATER-BORNE DISEASES,2025,7,0.0,0,0,2,0.0,0
384,Paratyphoid,FOOD/WATER-BORNE DISEASES,2025,7,1.0,0,0,4,5.0,2
385,Poliomyelitis,FOOD/WATER-BORNE DISEASES,2025,7,0.0,0,0,1,0.0,0
386,Salmonellosis,FOOD/WATER-BORNE DISEASES,2025,7,25.0,26,22,160,158.0,158
387,Typhoid,FOOD/WATER-BORNE DISEASES,2025,7,0.0,1,0,6,6.0,8
388,Chikungunya Fever,VECTOR-BORNE DISEASES,2025,7,1.0,0,0,2,0.0,0
389,Dengue Fever,VECTOR-BORNE DISEASES,2025,7,114.0,426,206,710,2961.0,1604
390,Dengue Haemorrhagic Fever,VECTOR-BORNE DISEASES,2025,7,0.0,4,0,3,8.0,6
391,Japanese Encephalitis,VECTOR-BORNE DISEASES,2025,7,0.0,0,0,0,0.0,0
392,Leptospirosis,VECTOR-BORNE DISEASES,2025,7,2.0,2,1,11,15.0,6
393,Malaria,VECTOR-BORNE DISEASES,2025,7,0.0,0,0,6,4.0,2
394,Murine Typhus,VECTOR-BORNE DISEASES,2025,7,0.0,2,0,16,6.0,2
395,Nipah Virus Infection,VECTOR-BORNE DISEASES,2025,7,0.0,0,0,0,0.0,0
396,Plague,VECTOR-BORNE DISEASES,2025,7,0.0,0,0,0,0.0,0
397,Yellow Fever,VECTOR-BORNE DISEASES,2025,7,0.0,0,0,0,0.0,0
398,Zika Virus Infection,VECTOR-BORNE DISEASES,2025,7,0.0,0,0,2,3.0,0
399,Avian Influenza,AIR/DROPLET-BORNE DISEASES,2025,7,0.0,0,0,0,0.0,0
400,Diphtheria,AIR/DROPLET-BORNE DISEASES,2025,7,0.0,0,0,0,0.0,0
401,Ebola Virus Disease,AIR/DROPLET-BORNE DISEASES,2025,7,0.0,0,0,0,0.0,0
402,Haemophilus influenzae  type b,AIR/DROPLET-BORNE DISEASES,2025,7,0.0,0,0,0,0.0,0
403,Legionellosis,AIR/DROPLET-BORNE DISEASES,2025,7,1.0,0,0,5,4.0,3
404,Measles,AIR/DROPLET-BORNE DISEASES,2025,7,0.0,0,0,2,1.0,1
405,Melioidosis,AIR/DROPLET-BORNE DISEASES,2025,7,1.0,0,1,9,4.0,6
406,Meningococcal Disease,AIR/DROPLET-BORNE DISEASES,2025,7,0.0,0,0,1,0.0,1
407,Middle East Respiratory Syndrome^,AIR/DROPLET-BORNE DISEASES,2025,7,0.0,0,0,0,0.0,0
408,"#Mpox",AIR/DROPLET-BORNE DISEASES,2025,7,1.0,1,,3,2.0,
409,Mumps,AIR/DROPLET-BORNE DISEASES,2025,7,2.0,5,5,28,39.0,35
410,Pertussis,AIR/DROPLET-BORNE DISEASES,2025,7,3.0,1,0,19,11.0,2
411,Pneumococcal Disease (Invasive),AIR/DROPLET-BORNE DISEASES,2025,7,4.0,0,1,25,16.0,16
412,Rubella,AIR/DROPLET-BORNE DISEASES,2025,7,0.0,0,0,0,0.0,0
413,Severe Acute Respiratory Syndrome,AIR/DROPLET-BORNE DISEASES,2025,7,0.0,0,0,0,0.0,0
414,Tetanus,AIR/DROPLET-BORNE DISEASES,2025,7,0.0,0,0,0,0.0,0
415,Acute Hepatitis B,OTHER DISEASES,2025,7,0.0,0,1,6,6.0,5
416,Acute Hepatitis C,OTHER DISEASES,2025,7,1.0,0,0,7,2.0,2
417,Botulism,OTHER DISEASES,2025,7,0.0,0,0,0,0.0,0
912,Acute Hepatitis A,FOOD/WATER-BORNE DISEASES,2025,8,1.0,1,1,17,8.0,5
913,Acute Hepatitis E,FOOD/WATER-BORNE DISEASES,2025,8,2.0,0,0,5,7.0,9
914,Campylobacteriosis,FOOD/WATER-BORNE DISEASES,2025,8,11.0,14,12,89,80.0,80
915,Cholera,FOOD/WATER-BORNE DISEASES,2025,8,0.0,0,0,2,0.0,0
916,Paratyphoid,FOOD/WATER-BORNE DISEASES,2025,8,2.0,0,0,6,5.0,3
917,Poliomyelitis,FOOD/WATER-BORNE DISEASES,2025,8,0.0,0,0,1,0.0,0
918,Salmonellosis,FOOD/WATER-BORNE DISEASES,2025,8,19.0,20,20,179,178.0,178
919,Typhoid,FOOD/WATER-BORNE DISEASES,2025,8,1.0,0,0,7,6.0,8
920,Chikungunya Fever,VECTOR-BORNE DISEASES,2025,8,0.0,0,0,2,0.0,0
921,Dengue Fever,VECTOR-BORNE DISEASES,2025,8,71.0,459,200,781,3420.0,1742
922,Dengue Haemorrhagic Fever,VECTOR-BORNE DISEASES,2025,8,0.0,1,1,3,9.0,7
923,Japanese Encephalitis,VECTOR-BORNE DISEASES,2025,8,0.0,0,0,0,0.0,0
924,Leptospirosis,VECTOR-BORNE DISEASES,2025,8,1.0,0,1,12,15.0,6
925,Malaria,VECTOR-BORNE DISEASES,2025,8,0.0,0,0,6,4.0,2
926,Murine Typhus,VECTOR-BORNE DISEASES,2025,8,10.0,1,0,26,7.0,2
927,Nipah Virus Infection,VECTOR-BORNE DISEASES,2025,8,0.0,0,0,0,0.0,0
928,Plague,VECTOR-BORNE DISEASES,2025,8,0.0,0,0,0,0.0,0
929,Yellow Fever,VECTOR-BORNE DISEASES,2025,8,0.0,0,0,0,0.0,0
930,Zika Virus Infection,VECTOR-BORNE DISEASES,2025,8,1.0,0,0,3,3.0,0
931,Avian Influenza,AIR/DROPLET-BORNE DISEASES,2025,8,0.0,0,0,0,0.0,0
932,Diphtheria,AIR/DROPLET-BORNE DISEASES,2025,8,0.0,0,0,0,0.0,0
933,Ebola Virus Disease,AIR/DROPLET-BORNE DISEASES,2025,8,0.0,0,0,0,0.0,0
934,Haemophilus influenzae  type b,AIR/DROPLET-BORNE DISEASES,2025,8,0.0,0,0,0,0.0,0
935,Legionellosis,AIR/DROPLET-BORNE DISEASES,2025,8,1.0,0,0,6,4.0,4
936,Measles,AIR/DROPLET-BORNE DISEASES,2025,8,0.0,0,0,2,1.0,1
937,Melioidosis,AIR/DROPLET-BORNE DISEASES,2025,8,0.0,0,1,9,4.0,7
938,Meningococcal Disease,AIR/DROPLET-BORNE DISEASES,2025,8,0.0,0,0,1,0.0,1
939,Middle East Respiratory Syndrome^,AIR/DROPLET-BORNE DISEASES,2025,8,0.0,0,0,0,0.0,0
940,"#Mpox",AIR/DROPLET-BORNE DISEASES,2025,8,1.0,0,,4,2.0,
941,Mumps,AIR/DROPLET-BORNE DISEASES,2025,8,4.0,4,5,32,43.0,40
942,Pertussis,AIR/DROPLET-BORNE DISEASES,2025,8,2.0,3,0,21,14.0,2
943,Pneumococcal Disease (Invasive),AIR/DROPLET-BORNE DISEASES,2025,8,3.0,4,1,28,20.0,20
944,Rubella,AIR/DROPLET-BORNE DISEASES,2025,8,0.0,0,0,0,0.0,0
945,Severe Acute Respiratory Syndrome,AIR/DROPLET-BORNE DISEASES,2025,8,0.0,0,0,0,0.0,0
946,Tetanus,AIR/DROPLET-BORNE DISEASES,2025,8,0.0,0,0,0,0.0,0
947,Acute Hepatitis B,OTHER DISEASES,2025,8,1.0,1,0,7,7.0,5
948,Acute Hepatitis C,OTHER DISEASES,2025,8,0.0,0,0,7,2.0,2
949,Botulism,OTHER DISEASES,2025,8,0.0,0,0,0,0.0,0
950,Acute Hepatitis A,FOOD/WATER-BORNE DISEASES,2025,9,2.0,0,0,19,8.0,6
951,Acute Hepatitis E,FOOD/WATER-BORNE DISEASES,2025,9,0.0,0,0,4,7.0,9
952,Campylobacteriosis,FOOD/WATER-BORNE DISEASES,2025,9,13.0,8,8,101,88.0,88
953,Cholera,FOOD/WATER-BORNE DISEASES,2025,9,0.0,0,0,2,0.0,0
954,Paratyphoid,FOOD/WATER-BORNE DISEASES,2025,9,0.0,0,0,6,5.0,5
955,Poliomyelitis,FOOD/WATER-BORNE DISEASES,2025,9,0.0,0,0,1,0.0,0
956,Salmonellosis,FOOD/WATER-BORNE DISEASES,2025,9,30.0,26,25,209,204.0,199
957,Typhoid,FOOD/WATER-BORNE DISEASES,2025,9,0.0,2,1,7,8.0,10
958,Chikungunya Fever,VECTOR-BORNE DISEASES,2025,9,0.0,1,0,2,1.0,1
959,Dengue Fever,VECTOR-BORNE DISEASES,2025,9,82.0,368,263,863,3788.0,1853
960,Dengue Haemorrhagic Fever,VECTOR-BORNE DISEASES,2025,9,0.0,2,1,3,11.0,7
961,Japanese Encephalitis,VECTOR-BORNE DISEASES,2025,9,0.0,0,0,0,0.0,0
962,Leptospirosis,VECTOR-BORNE DISEASES,2025,9,1.0,0,0,13,15.0,6
963,Malaria,VECTOR-BORNE DISEASES,2025,9,2.0,0,0,8,4.0,2
964,Murine Typhus,VECTOR-BORNE DISEASES,2025,9,0.0,1,0,26,7.0,2
965,Nipah Virus Infection,VECTOR-BORNE DISEASES,2025,9,0.0,0,0,0,0.0,0
966,Plague,VECTOR-BORNE DISEASES,2025,9,0.0,0,0,0,0.0,0
967,Yellow Fever,VECTOR-BORNE DISEASES,2025,9,0.0,0,0,0,0.0,0
968,Zika Virus Infection,VECTOR-BORNE DISEASES,2025,9,0.0,0,0,3,3.0,0
969,Avian Influenza,AIR/DROPLET-BORNE DISEASES,2025,9,0.0,0,0,0,0.0,0
970,Diphtheria,AIR/DROPLET-BORNE DISEASES,2025,9,0.0,0,0,0,0.0,0
971,Ebola Virus Disease,AIR/DROPLET-BORNE DISEASES,2025,9,0.0,0,0,0,0.0,0
972,Haemophilus influenzae  type b,AIR/DROPLET-BORNE DISEASES,2025,9,0.0,0,0,0,0.0,0
973,Legionellosis,AIR/DROPLET-BORNE DISEASES,2025,9,1.0,1,1,7,5.0,4
974,Measles,AIR/DROPLET-BORNE DISEASES,2025,9,1.0,0,0,3,1.0,1
975,Melioidosis,AIR/DROPLET-BORNE DISEASES,2025,9,2.0,0,0,11,4.0,7
976,Meningococcal Disease,AIR/DROPLET-BORNE DISEASES,2025,9,0.0,0,0,1,0.0,1
977,Middle East Respiratory Syndrome^,AIR/DROPLET-BORNE DISEASES,2025,9,0.0,0,0,0,0.0,0
978,"#Mpox",AIR/DROPLET-BORNE DISEASES,2025,9,0.0,1,,4,3.0,
979,Mumps,AIR/DROPLET-BORNE DISEASES,2025,9,6.0,4,3,38,47.0,43
980,Pertussis,AIR/DROPLET-BORNE DISEASES,2025,9,1.0,2,0,22,16.0,2
981,Pneumococcal Disease (Invasive),AIR/DROPLET-BORNE DISEASES,2025,9,3.0,6,1,31,26.0,24
982,Rubella,AIR/DROPLET-BORNE DISEASES,2025,9,0.0,0,0,0,0.0,0
983,Severe Acute Respiratory Syndrome,AIR/DROPLET-BORNE DISEASES,2025,9,0.0,0,0,0,0.0,0
984,Tetanus,AIR/DROPLET-BORNE DISEASES,2025,9,0.0,0,0,0,0.0,0
985,Acute Hepatitis B,OTHER DISEASES,2025,9,0.0,0,1,7,7.0,6
986,Acute Hepatitis C,OTHER DISEASES,2025,9,0.0,1,0,7,3.0,2
987,Botulism,OTHER DISEASES,2025,9,0.0,0,0,0,0.0,0
418,Acute Hepatitis A,FOOD/WATER-BORNE DISEASES,2025,10,1.0,2,1,20,10.0,7
419,Acute Hepatitis E,FOOD/WATER-BORNE DISEASES,2025,10,1.0,1,1,5,8.0,12
420,Campylobacteriosis,FOOD/WATER-BORNE DISEASES,2025,10,10.0,4,13,110,92.0,92
421,Cholera,FOOD/WATER-BORNE DISEASES,2025,10,0.0,0,0,2,0.0,0
422,Paratyphoid,FOOD/WATER-BORNE DISEASES,2025,10,1.0,0,0,7,5.0,5
423,Poliomyelitis,FOOD/WATER-BORNE DISEASES,2025,10,0.0,0,0,1,0.0,0
424,Salmonellosis,FOOD/WATER-BORNE DISEASES,2025,10,22.0,9,23,230,213.0,213
425,Typhoid,FOOD/WATER-BORNE DISEASES,2025,10,1.0,0,0,9,8.0,10
426,Chikungunya Fever,VECTOR-BORNE DISEASES,2025,10,0.0,1,0,2,2.0,2
427,Dengue Fever,VECTOR-BORNE DISEASES,2025,10,87.0,365,365,950,4153.0,1972
428,Dengue Haemorrhagic Fever,VECTOR-BORNE DISEASES,2025,10,0.0,2,0,3,13.0,7
429,Japanese Encephalitis,VECTOR-BORNE DISEASES,2025,10,0.0,0,0,0,0.0,0
430,Leptospirosis,VECTOR-BORNE DISEASES,2025,10,0.0,1,1,13,16.0,7
431,Malaria,VECTOR-BORNE DISEASES,2025,10,1.0,1,0,9,5.0,2
432,Murine Typhus,VECTOR-BORNE DISEASES,2025,10,4.0,0,0,30,7.0,2
433,Nipah Virus Infection,VECTOR-BORNE DISEASES,2025,10,0.0,0,0,0,0.0,0
434,Plague,VECTOR-BORNE DISEASES,2025,10,0.0,0,0,0,0.0,0
435,Yellow Fever,VECTOR-BORNE DISEASES,2025,10,0.0,0,0,0,0.0,0
436,Zika Virus Infection,VECTOR-BORNE DISEASES,2025,10,1.0,0,0,4,3.0,0
437,Avian Influenza,AIR/DROPLET-BORNE DISEASES,2025,10,0.0,0,0,0,0.0,0
438,Diphtheria,AIR/DROPLET-BORNE DISEASES,2025,10,0.0,0,0,0,0.0,0
439,Ebola Virus Disease,AIR/DROPLET-BORNE DISEASES,2025,10,0.0,0,0,0,0.0,0
440,Haemophilus influenzae  type b,AIR/DROPLET-BORNE DISEASES,2025,10,0.0,0,0,0,0.0,0
441,Legionellosis,AIR/DROPLET-BORNE DISEASES,2025,10,0.0,2,0,7,7.0,4
442,Measles,AIR/DROPLET-BORNE DISEASES,2025,10,2.0,0,0,5,1.0,1
443,Melioidosis,AIR/DROPLET-BORNE DISEASES,2025,10,1.0,1,1,12,5.0,7
444,Meningococcal Disease,AIR/DROPLET-BORNE DISEASES,2025,10,0.0,0,0,1,0.0,1
445,Middle East Respiratory Syndrome^,AIR/DROPLET-BORNE DISEASES,2025,10,0.0,0,0,0,0.0,0
446,"#Mpox",AIR/DROPLET-BORNE DISEASES,2025,10,0.0,2,,4,5.0,
447,Mumps,AIR/DROPLET-BORNE DISEASES,2025,10,4.0,3,2,42,50.0,45
448,Pertussis,AIR/DROPLET-BORNE DISEASES,2025,10,3.0,3,0,25,19.0,2
449,Pneumococcal Disease (Invasive),AIR/DROPLET-BORNE DISEASES,2025,10,4.0,1,1,35,27.0,26
450,Rubella,AIR/DROPLET-BORNE DISEASES,2025,10,0.0,0,0,0,0.0,0
451,Severe Acute Respiratory Syndrome,AIR/DROPLET-BORNE DISEASES,2025,10,0.0,0,0,0,0.0,0
452,Tetanus,AIR/DROPLET-BORNE DISEASES,2025,10,0.0,0,0,0,0.0,0
453,Acute Hepatitis B,OTHER DISEASES,2025,10,1.0,0,0,8,7.0,7
454,Acute Hepatitis C,OTHER DISEASES,2025,10,0.0,0,1,7,3.0,3
455,Botulism,OTHER DISEASES,2025,10,0.0,0,0,0,0.0,0
456,Acute Hepatitis A,FOOD/WATER-BORNE DISEASES,2025,11,0.0,0,0,20,10.0,8
457,Acute Hepatitis E,FOOD/WATER-BORNE DISEASES,2025,11,2.0,0,1,7,8.0,13
458,Campylobacteriosis,FOOD/WATER-BORNE DISEASES,2025,11,9.0,6,8,118,98.0,99
459,Cholera,FOOD/WATER-BORNE DISEASES,2025,11,0.0,0,0,2,0.0,0
460,Paratyphoid,FOOD/WATER-BORNE DISEASES,2025,11,0.0,0,0,7,5.0,5
461,Poliomyelitis,FOOD/WATER-BORNE DISEASES,2025,11,0.0,0,0,1,0.0,0
462,Salmonellosis,FOOD/WATER-BORNE DISEASES,2025,11,17.0,21,25,245,234.0,234
463,Typhoid,FOOD/WATER-BORNE DISEASES,2025,11,2.0,0,0,11,8.0,10
464,Chikungunya Fever,VECTOR-BORNE DISEASES,2025,11,1.0,0,0,3,2.0,2
465,Dengue Fever,VECTOR-BORNE DISEASES,2025,11,72.0,329,329,1021,4482.0,2379
466,Dengue Haemorrhagic Fever,VECTOR-BORNE DISEASES,2025,11,0.0,2,0,3,15.0,7
467,Japanese Encephalitis,VECTOR-BORNE DISEASES,2025,11,0.0,0,0,0,0.0,0
468,Leptospirosis,VECTOR-BORNE DISEASES,2025,11,4.0,1,0,17,17.0,7
469,Malaria,VECTOR-BORNE DISEASES,2025,11,0.0,0,0,9,5.0,2
470,Murine Typhus,VECTOR-BORNE DISEASES,2025,11,4.0,0,0,34,7.0,3
471,Nipah Virus Infection,VECTOR-BORNE DISEASES,2025,11,0.0,0,0,0,0.0,0
472,Plague,VECTOR-BORNE DISEASES,2025,11,0.0,0,0,0,0.0,0
473,Yellow Fever,VECTOR-BORNE DISEASES,2025,11,0.0,0,0,0,0.0,0
474,Zika Virus Infection,VECTOR-BORNE DISEASES,2025,11,0.0,1,0,4,4.0,0
475,Avian Influenza,AIR/DROPLET-BORNE DISEASES,2025,11,0.0,0,0,0,0.0,0
476,Diphtheria,AIR/DROPLET-BORNE DISEASES,2025,11,0.0,0,0,0,0.0,0
477,Ebola Virus Disease,AIR/DROPLET-BORNE DISEASES,2025,11,0.0,0,0,0,0.0,0
478,Haemophilus influenzae  type b,AIR/DROPLET-BORNE DISEASES,2025,11,0.0,0,0,0,0.0,0
479,Legionellosis,AIR/DROPLET-BORNE DISEASES,2025,11,2.0,0,0,9,7.0,4
480,Measles,AIR/DROPLET-BORNE DISEASES,2025,11,0.0,0,0,5,1.0,1
481,Melioidosis,AIR/DROPLET-BORNE DISEASES,2025,11,0.0,0,1,12,5.0,8
482,Meningococcal Disease,AIR/DROPLET-BORNE DISEASES,2025,11,1.0,0,0,2,0.0,1
483,Middle East Respiratory Syndrome^,AIR/DROPLET-BORNE DISEASES,2025,11,0.0,0,0,0,0.0,0
484,"#Mpox",AIR/DROPLET-BORNE DISEASES,2025,11,0.0,1,,4,6.0,
485,Mumps,AIR/DROPLET-BORNE DISEASES,2025,11,7.0,6,3,49,56.0,45
486,Pertussis,AIR/DROPLET-BORNE DISEASES,2025,11,2.0,3,0,27,22.0,2
487,Pneumococcal Disease (Invasive),AIR/DROPLET-BORNE DISEASES,2025,11,0.0,1,0,35,28.0,26
488,Rubella,AIR/DROPLET-BORNE DISEASES,2025,11,0.0,0,0,0,0.0,0
489,Severe Acute Respiratory Syndrome,AIR/DROPLET-BORNE DISEASES,2025,11,0.0,0,0,0,0.0,0
490,Tetanus,AIR/DROPLET-BORNE DISEASES,2025,11,0.0,0,0,0,0.0,0
491,Acute Hepatitis B,OTHER DISEASES,2025,11,0.0,0,0,8,7.0,7
492,Acute Hepatitis C,OTHER DISEASES,2025,11,1.0,0,0,13,3.0,3
493,Botulism,OTHER DISEASES,2025,11,0.0,0,0,0,0.0,0
494,Acute Hepatitis A,FOOD/WATER-BORNE DISEASES,2025,12,1.0,0,0,21,10.0,10
495,Acute Hepatitis E,FOOD/WATER-BORNE DISEASES,2025,12,2.0,0,1,9,8.0,14
496,Campylobacteriosis,FOOD/WATER-BORNE DISEASES,2025,12,12.0,11,11,130,109.0,109
497,Cholera,FOOD/WATER-BORNE DISEASES,2025,12,0.0,0,0,2,0.0,0
498,Paratyphoid,FOOD/WATER-BORNE DISEASES,2025,12,0.0,0,0,7,5.0,5
499,Poliomyelitis,FOOD/WATER-BORNE DISEASES,2025,12,0.0,0,0,1,0.0,0
500,Salmonellosis,FOOD/WATER-BORNE DISEASES,2025,12,20.0,23,23,264,257.0,257
501,Typhoid,FOOD/WATER-BORNE DISEASES,2025,12,2.0,3,2,13,11.0,11
502,Chikungunya Fever,VECTOR-BORNE DISEASES,2025,12,1.0,0,0,4,2.0,2
503,Dengue Fever,VECTOR-BORNE DISEASES,2025,12,102.0,319,319,1123,4801.0,2820
504,Dengue Haemorrhagic Fever,VECTOR-BORNE DISEASES,2025,12,0.0,1,0,3,16.0,7
505,Japanese Encephalitis,VECTOR-BORNE DISEASES,2025,12,0.0,0,0,0,0.0,0
506,Leptospirosis,VECTOR-BORNE DISEASES,2025,12,0.0,0,1,17,17.0,8
507,Malaria,VECTOR-BORNE DISEASES,2025,12,0.0,0,1,9,5.0,3
508,Murine Typhus,VECTOR-BORNE DISEASES,2025,12,0.0,2,0,34,9.0,3
509,Nipah Virus Infection,VECTOR-BORNE DISEASES,2025,12,0.0,0,0,0,0.0,0
510,Plague,VECTOR-BORNE DISEASES,2025,12,0.0,0,0,0,0.0,0
511,Yellow Fever,VECTOR-BORNE DISEASES,2025,12,0.0,0,0,0,0.0,0
512,Zika Virus Infection,VECTOR-BORNE DISEASES,2025,12,0.0,0,0,4,4.0,0
513,Avian Influenza,AIR/DROPLET-BORNE DISEASES,2025,12,0.0,0,0,0,0.0,0
514,Diphtheria,AIR/DROPLET-BORNE DISEASES,2025,12,0.0,0,0,0,0.0,0
515,Ebola Virus Disease,AIR/DROPLET-BORNE DISEASES,2025,12,0.0,0,0,0,0.0,0
516,Haemophilus influenzae  type b,AIR/DROPLET-BORNE DISEASES,2025,12,0.0,0,0,0,0.0,0
517,Legionellosis,AIR/DROPLET-BORNE DISEASES,2025,12,1.0,0,0,10,7.0,4
518,Measles,AIR/DROPLET-BORNE DISEASES,2025,12,1.0,1,0,6,2.0,2
519,Melioidosis,AIR/DROPLET-BORNE DISEASES,2025,12,1.0,0,0,13,5.0,9
520,Meningococcal Disease,AIR/DROPLET-BORNE DISEASES,2025,12,0.0,0,0,2,0.0,1
521,Middle East Respiratory Syndrome^,AIR/DROPLET-BORNE DISEASES,2025,12,0.0,0,0,0,0.0,0
522,"#Mpox",AIR/DROPLET-BORNE DISEASES,2025,12,0.0,0,,4,6.0,
523,Mumps,AIR/DROPLET-BORNE DISEASES,2025,12,5.0,4,4,54,60.0,47
524,Pertussis,AIR/DROPLET-BORNE DISEASES,2025,12,0.0,0,0,27,22.0,2
525,Pneumococcal Disease (Invasive),AIR/DROPLET-BORNE DISEASES,2025,12,0.0,4,2,35,32.0,27
526,Rubella,AIR/DROPLET-BORNE DISEASES,2025,12,0.0,0,0,0,0.0,0
527,Severe Acute Respiratory Syndrome,AIR/DROPLET-BORNE DISEASES,2025,12,0.0,0,0,0,0.0,0
528,Tetanus,AIR/DROPLET-BORNE DISEASES,2025,12,0.0,0,0,0,0.0,0
529,Acute Hepatitis B,OTHER DISEASES,2025,12,1.0,1,1,9,8.0,8
530,Acute Hepatitis C,OTHER DISEASES,2025,12,0.0,1,0,13,4.0,4
531,Botulism,OTHER DISEASES,2025,12,0.0,0,0,0,0.0,0
532,Acute Hepatitis A,FOOD/WATER-BORNE DISEASES,2025,13,0.0,0,0,21,10.0,10
533,Acute Hepatitis E,FOOD/WATER-BORNE DISEASES,2025,13,3.0,0,0,12,8.0,14
534,Campylobacteriosis,FOOD/WATER-BORNE DISEASES,2025,13,15.0,9,7,142,118.0,118
535,Cholera,FOOD/WATER-BORNE DISEASES,2025,13,2.0,0,0,4,0.0,0
536,Paratyphoid,FOOD/WATER-BORNE DISEASES,2025,13,0.0,0,0,7,5.0,5
537,Poliomyelitis,FOOD/WATER-BORNE DISEASES,2025,13,0.0,0,0,1,0.0,0
538,Salmonellosis,FOOD/WATER-BORNE DISEASES,2025,13,29.0,18,27,293,275.0,277
539,Typhoid,FOOD/WATER-BORNE DISEASES,2025,13,1.0,2,0,14,13.0,14
540,Chikungunya Fever,VECTOR-BORNE DISEASES,2025,13,0.0,0,0,4,2.0,2
541,Dengue Fever,VECTOR-BORNE DISEASES,2025,13,97.0,347,347,1218,5148.0,3330
542,Dengue Haemorrhagic Fever,VECTOR-BORNE DISEASES,2025,13,0.0,2,0,3,18.0,7
543,Japanese Encephalitis,VECTOR-BORNE DISEASES,2025,13,0.0,0,0,0,0.0,0
544,Leptospirosis,VECTOR-BORNE DISEASES,2025,13,0.0,0,1,17,17.0,10
545,Malaria,VECTOR-BORNE DISEASES,2025,13,1.0,0,0,10,5.0,3
546,Murine Typhus,VECTOR-BORNE DISEASES,2025,13,1.0,2,0,35,11.0,3
547,Nipah Virus Infection,VECTOR-BORNE DISEASES,2025,13,0.0,0,0,0,0.0,0
548,Plague,VECTOR-BORNE DISEASES,2025,13,0.0,0,0,0,0.0,0
549,Yellow Fever,VECTOR-BORNE DISEASES,2025,13,0.0,0,0,0,0.0,0
550,Zika Virus Infection,VECTOR-BORNE DISEASES,2025,13,0.0,0,0,4,4.0,0
551,Avian Influenza,AIR/DROPLET-BORNE DISEASES,2025,13,0.0,0,0,0,0.0,0
552,Diphtheria,AIR/DROPLET-BORNE DISEASES,2025,13,0.0,0,0,0,0.0,0
553,Ebola Virus Disease,AIR/DROPLET-BORNE DISEASES,2025,13,0.0,0,0,0,0.0,0
554,Haemophilus influenzae  type b,AIR/DROPLET-BORNE DISEASES,2025,13,0.0,0,0,0,0.0,0
555,Legionellosis,AIR/DROPLET-BORNE DISEASES,2025,13,0.0,0,0,10,7.0,5
556,Measles,AIR/DROPLET-BORNE DISEASES,2025,13,1.0,0,0,7,2.0,2
557,Melioidosis,AIR/DROPLET-BORNE DISEASES,2025,13,0.0,0,0,13,5.0,10
558,Meningococcal Disease,AIR/DROPLET-BORNE DISEASES,2025,13,0.0,0,0,2,0.0,1
559,Middle East Respiratory Syndrome^,AIR/DROPLET-BORNE DISEASES,2025,13,0.0,0,0,0,0.0,0
560,"#Mpox",AIR/DROPLET-BORNE DISEASES,2025,13,0.0,1,,4,7.0,
561,Mumps,AIR/DROPLET-BORNE DISEASES,2025,13,8.0,5,5,62,65.0,48
562,Pertussis,AIR/DROPLET-BORNE DISEASES,2025,13,3.0,1,0,30,23.0,2
563,Pneumococcal Disease (Invasive),AIR/DROPLET-BORNE DISEASES,2025,13,2.0,5,1,37,37.0,28
564,Rubella,AIR/DROPLET-BORNE DISEASES,2025,13,0.0,0,0,0,0.0,0
565,Severe Acute Respiratory Syndrome,AIR/DROPLET-BORNE DISEASES,2025,13,0.0,0,0,0,0.0,0
566,Tetanus,AIR/DROPLET-BORNE DISEASES,2025,13,0.0,0,0,0,0.0,0
567,Acute Hepatitis B,OTHER DISEASES,2025,13,1.0,0,0,10,8.0,8
568,Acute Hepatitis C,OTHER DISEASES,2025,13,0.0,0,0,12,4.0,4
569,Botulism,OTHER DISEASES,2025,13,0.0,0,0,0,0.0,0
570,Acute Hepatitis A,FOOD/WATER-BORNE DISEASES,2025,14,1.0,0,1,22,10.0,10
571,Acute Hepatitis E,FOOD/WATER-BORNE DISEASES,2025,14,2.0,1,1,13,9.0,15
572,Campylobacteriosis,FOOD/WATER-BORNE DISEASES,2025,14,9.0,7,11,146,125.0,125
573,Cholera,FOOD/WATER-BORNE DISEASES,2025,14,0.0,0,0,2,0.0,0
574,Paratyphoid,FOOD/WATER-BORNE DISEASES,2025,14,1.0,1,0,8,6.0,5
575,Poliomyelitis,FOOD/WATER-BORNE DISEASES,2025,14,0.0,0,0,1,0.0,0
576,Salmonellosis,FOOD/WATER-BORNE DISEASES,2025,14,24.0,28,25,314,303.0,303
577,Typhoid,FOOD/WATER-BORNE DISEASES,2025,14,1.0,0,0,15,13.0,14
578,Chikungunya Fever,VECTOR-BORNE DISEASES,2025,14,1.0,1,0,5,3.0,3
579,Dengue Fever,VECTOR-BORNE DISEASES,2025,14,89.0,414,315,1308,5562.0,3972
580,Dengue Haemorrhagic Fever,VECTOR-BORNE DISEASES,2025,14,0.0,1,0,3,19.0,8
581,Japanese Encephalitis,VECTOR-BORNE DISEASES,2025,14,0.0,0,0,0,0.0,0
582,Leptospirosis,VECTOR-BORNE DISEASES,2025,14,0.0,0,0,17,17.0,12
583,Malaria,VECTOR-BORNE DISEASES,2025,14,0.0,0,0,10,5.0,3
584,Murine Typhus,VECTOR-BORNE DISEASES,2025,14,0.0,2,0,35,13.0,3
585,Nipah Virus Infection,VECTOR-BORNE DISEASES,2025,14,0.0,0,0,0,0.0,0
586,Plague,VECTOR-BORNE DISEASES,2025,14,0.0,0,0,0,0.0,0
587,Yellow Fever,VECTOR-BORNE DISEASES,2025,14,0.0,0,0,0,0.0,0
588,Zika Virus Infection,VECTOR-BORNE DISEASES,2025,14,0.0,0,0,4,4.0,0
589,Avian Influenza,AIR/DROPLET-BORNE DISEASES,2025,14,0.0,0,0,0,0.0,0
590,Diphtheria,AIR/DROPLET-BORNE DISEASES,2025,14,0.0,0,0,0,0.0,0
591,Ebola Virus Disease,AIR/DROPLET-BORNE DISEASES,2025,14,0.0,0,0,0,0.0,0
592,Haemophilus influenzae  type b,AIR/DROPLET-BORNE DISEASES,2025,14,0.0,0,0,0,0.0,0
593,Legionellosis,AIR/DROPLET-BORNE DISEASES,2025,14,3.0,0,0,13,7.0,5
594,Measles,AIR/DROPLET-BORNE DISEASES,2025,14,0.0,1,0,7,3.0,3
595,Melioidosis,AIR/DROPLET-BORNE DISEASES,2025,14,2.0,1,0,15,6.0,11
596,Meningococcal Disease,AIR/DROPLET-BORNE DISEASES,2025,14,0.0,0,0,2,0.0,1
597,Middle East Respiratory Syndrome^,AIR/DROPLET-BORNE DISEASES,2025,14,0.0,0,0,0,0.0,0
598,"#Mpox",AIR/DROPLET-BORNE DISEASES,2025,14,0.0,0,,4,7.0,
599,Mumps,AIR/DROPLET-BORNE DISEASES,2025,14,4.0,4,4,66,69.0,52
600,Pertussis,AIR/DROPLET-BORNE DISEASES,2025,14,0.0,3,0,30,26.0,2
601,Pneumococcal Disease (Invasive),AIR/DROPLET-BORNE DISEASES,2025,14,2.0,3,1,39,40.0,30
602,Rubella,AIR/DROPLET-BORNE DISEASES,2025,14,0.0,0,0,0,0.0,0
603,Severe Acute Respiratory Syndrome,AIR/DROPLET-BORNE DISEASES,2025,14,0.0,0,0,0,0.0,0
604,Tetanus,AIR/DROPLET-BORNE DISEASES,2025,14,0.0,0,0,0,0.0,0
605,Acute Hepatitis B,OTHER DISEASES,2025,14,1.0,0,0,11,8.0,9
606,Acute Hepatitis C,OTHER DISEASES,2025,14,0.0,0,0,12,4.0,4
607,Botulism,OTHER DISEASES,2025,14,0.0,0,0,0,0.0,0
608,Acute Hepatitis A,FOOD/WATER-BORNE DISEASES,2025,15,3.0,0,0,25,10.0,10
609,Acute Hepatitis E,FOOD/WATER-BORNE DISEASES,2025,15,0.0,0,1,13,9.0,16
610,Campylobacteriosis,FOOD/WATER-BORNE DISEASES,2025,15,12.0,8,8,158,133.0,133
611,Cholera,FOOD/WATER-BORNE DISEASES,2025,15,0.0,0,0,2,0.0,0
612,Paratyphoid,FOOD/WATER-BORNE DISEASES,2025,15,0.0,1,1,8,7.0,5
613,Poliomyelitis,FOOD/WATER-BORNE DISEASES,2025,15,0.0,0,0,1,0.0,0
614,Salmonellosis,FOOD/WATER-BORNE DISEASES,2025,15,28.0,25,23,342,328.0,328
615,Typhoid,FOOD/WATER-BORNE DISEASES,2025,15,1.0,3,0,16,16.0,16
616,Chikungunya Fever,VECTOR-BORNE DISEASES,2025,15,1.0,0,0,6,3.0,3
617,Dengue Fever,VECTOR-BORNE DISEASES,2025,15,93.0,305,305,1399,5867.0,4705
618,Dengue Haemorrhagic Fever,VECTOR-BORNE DISEASES,2025,15,0.0,2,1,3,21.0,9
619,Japanese Encephalitis,VECTOR-BORNE DISEASES,2025,15,0.0,0,0,0,0.0,0
620,Leptospirosis,VECTOR-BORNE DISEASES,2025,15,3.0,0,0,20,17.0,12
621,Malaria,VECTOR-BORNE DISEASES,2025,15,0.0,0,0,10,5.0,3
622,Murine Typhus,VECTOR-BORNE DISEASES,2025,15,1.0,0,0,36,13.0,3
623,Nipah Virus Infection,VECTOR-BORNE DISEASES,2025,15,0.0,0,0,0,0.0,0
624,Plague,VECTOR-BORNE DISEASES,2025,15,0.0,0,0,0,0.0,0
625,Yellow Fever,VECTOR-BORNE DISEASES,2025,15,0.0,0,0,0,0.0,0
626,Zika Virus Infection,VECTOR-BORNE DISEASES,2025,15,0.0,1,0,4,5.0,0
627,Avian Influenza,AIR/DROPLET-BORNE DISEASES,2025,15,0.0,0,0,0,0.0,0
628,Diphtheria,AIR/DROPLET-BORNE DISEASES,2025,15,0.0,0,0,0,0.0,0
629,Ebola Virus Disease,AIR/DROPLET-BORNE DISEASES,2025,15,0.0,0,0,0,0.0,0
630,Haemophilus influenzae  type b,AIR/DROPLET-BORNE DISEASES,2025,15,0.0,0,0,0,0.0,0
631,Legionellosis,AIR/DROPLET-BORNE DISEASES,2025,15,1.0,0,0,14,7.0,5
632,Measles,AIR/DROPLET-BORNE DISEASES,2025,15,0.0,1,0,7,4.0,3
633,Melioidosis,AIR/DROPLET-BORNE DISEASES,2025,15,2.0,0,0,17,6.0,11
634,Meningococcal Disease,AIR/DROPLET-BORNE DISEASES,2025,15,0.0,0,0,2,0.0,1
635,Middle East Respiratory Syndrome^,AIR/DROPLET-BORNE DISEASES,2025,15,0.0,0,0,0,0.0,0
636,"#Mpox",AIR/DROPLET-BORNE DISEASES,2025,15,0.0,0,,4,7.0,
637,Mumps,AIR/DROPLET-BORNE DISEASES,2025,15,5.0,2,2,71,71.0,54
638,Pertussis,AIR/DROPLET-BORNE DISEASES,2025,15,3.0,0,0,33,26.0,2
639,Pneumococcal Disease (Invasive),AIR/DROPLET-BORNE DISEASES,2025,15,2.0,3,3,41,43.0,30
640,Rubella,AIR/DROPLET-BORNE DISEASES,2025,15,0.0,0,0,0,0.0,0
641,Severe Acute Respiratory Syndrome,AIR/DROPLET-BORNE DISEASES,2025,15,0.0,0,0,0,0.0,0
642,Tetanus,AIR/DROPLET-BORNE DISEASES,2025,15,0.0,0,0,0,0.0,0
643,Acute Hepatitis B,OTHER DISEASES,2025,15,1.0,0,1,12,8.0,10
644,Acute Hepatitis C,OTHER DISEASES,2025,15,0.0,1,1,12,5.0,5
645,Botulism,OTHER DISEASES,2025,15,0.0,0,0,0,0.0,0
646,Acute Hepatitis A,FOOD/WATER-BORNE DISEASES,2025,16,1.0,0,0,26,10.0,10
647,Acute Hepatitis E,FOOD/WATER-BORNE DISEASES,2025,16,1.0,1,0,14,10.0,17
648,Campylobacteriosis,FOOD/WATER-BORNE DISEASES,2025,16,9.0,10,10,166,143.0,143
649,Cholera,FOOD/WATER-BORNE DISEASES,2025,16,0.0,0,0,2,0.0,0
650,Paratyphoid,FOOD/WATER-BORNE DISEASES,2025,16,0.0,0,0,8,7.0,5
651,Poliomyelitis,FOOD/WATER-BORNE DISEASES,2025,16,0.0,0,0,1,0.0,0
652,Salmonellosis,FOOD/WATER-BORNE DISEASES,2025,16,23.0,32,29,361,360.0,360
653,Typhoid,FOOD/WATER-BORNE DISEASES,2025,16,1.0,1,1,17,17.0,17
654,Chikungunya Fever,VECTOR-BORNE DISEASES,2025,16,0.0,0,0,6,3.0,3
655,Dengue Fever,VECTOR-BORNE DISEASES,2025,16,93.0,340,340,1491,6207.0,5647
656,Dengue Haemorrhagic Fever,VECTOR-BORNE DISEASES,2025,16,0.0,1,0,3,22.0,9
657,Japanese Encephalitis,VECTOR-BORNE DISEASES,2025,16,0.0,0,0,0,0.0,0
658,Leptospirosis,VECTOR-BORNE DISEASES,2025,16,0.0,1,1,20,18.0,12
659,Malaria,VECTOR-BORNE DISEASES,2025,16,0.0,1,0,10,6.0,3
660,Murine Typhus,VECTOR-BORNE DISEASES,2025,16,2.0,0,0,38,13.0,3
661,Nipah Virus Infection,VECTOR-BORNE DISEASES,2025,16,0.0,0,0,0,0.0,0
662,Plague,VECTOR-BORNE DISEASES,2025,16,0.0,0,0,0,0.0,0
663,Yellow Fever,VECTOR-BORNE DISEASES,2025,16,0.0,0,0,0,0.0,0
664,Zika Virus Infection,VECTOR-BORNE DISEASES,2025,16,0.0,0,0,4,5.0,0
665,Avian Influenza,AIR/DROPLET-BORNE DISEASES,2025,16,0.0,0,0,0,0.0,0
666,Diphtheria,AIR/DROPLET-BORNE DISEASES,2025,16,0.0,0,0,0,0.0,0
667,Ebola Virus Disease,AIR/DROPLET-BORNE DISEASES,2025,16,0.0,0,0,0,0.0,0
668,Haemophilus influenzae  type b,AIR/DROPLET-BORNE DISEASES,2025,16,0.0,0,0,0,0.0,0
669,Legionellosis,AIR/DROPLET-BORNE DISEASES,2025,16,0.0,0,0,14,7.0,5
670,Measles,AIR/DROPLET-BORNE DISEASES,2025,16,0.0,2,0,7,6.0,4
671,Melioidosis,AIR/DROPLET-BORNE DISEASES,2025,16,1.0,1,1,18,7.0,11
672,Meningococcal Disease,AIR/DROPLET-BORNE DISEASES,2025,16,0.0,0,0,2,0.0,1
673,Middle East Respiratory Syndrome^,AIR/DROPLET-BORNE DISEASES,2025,16,0.0,0,0,0,0.0,0
674,"#Mpox",AIR/DROPLET-BORNE DISEASES,2025,16,1.0,1,,5,8.0,
675,Mumps,AIR/DROPLET-BORNE DISEASES,2025,16,5.0,12,4,76,83.0,58
676,Pertussis,AIR/DROPLET-BORNE DISEASES,2025,16,0.0,3,0,33,29.0,2
677,Pneumococcal Disease (Invasive),AIR/DROPLET-BORNE DISEASES,2025,16,0.0,2,1,41,45.0,31
678,Rubella,AIR/DROPLET-BORNE DISEASES,2025,16,0.0,0,0,0,0.0,0
679,Severe Acute Respiratory Syndrome,AIR/DROPLET-BORNE DISEASES,2025,16,0.0,0,0,0,0.0,0
680,Tetanus,AIR/DROPLET-BORNE DISEASES,2025,16,0.0,0,0,0,0.0,0
681,Acute Hepatitis B,OTHER DISEASES,2025,16,0.0,0,1,12,8.0,11
682,Acute Hepatitis C,OTHER DISEASES,2025,16,0.0,0,0,15,5.0,5
683,Botulism,OTHER DISEASES,2025,16,0.0,0,0,0,0.0,0
684,Acute Hepatitis A,FOOD/WATER-BORNE DISEASES,2025,17,3.0,1,0,29,11.0,11
685,Acute Hepatitis E,FOOD/WATER-BORNE DISEASES,2025,17,2.0,0,0,16,10.0,17
686,Campylobacteriosis,FOOD/WATER-BORNE DISEASES,2025,17,14.0,15,13,180,158.0,158
687,Cholera,FOOD/WATER-BORNE DISEASES,2025,17,0.0,0,0,2,0.0,0
688,Paratyphoid,FOOD/WATER-BORNE DISEASES,2025,17,0.0,3,0,8,10.0,5
689,Poliomyelitis,FOOD/WATER-BORNE DISEASES,2025,17,0.0,0,0,1,0.0,0
690,Salmonellosis,FOOD/WATER-BORNE DISEASES,2025,17,19.0,57,29,378,417.0,417
691,Typhoid,FOOD/WATER-BORNE DISEASES,2025,17,1.0,0,1,18,17.0,17
692,Chikungunya Fever,VECTOR-BORNE DISEASES,2025,17,3.0,0,0,9,3.0,3
693,Dengue Fever,VECTOR-BORNE DISEASES,2025,17,107.0,335,335,1599,6542.0,6177
694,Dengue Haemorrhagic Fever,VECTOR-BORNE DISEASES,2025,17,0.0,2,1,3,24.0,10
695,Japanese Encephalitis,VECTOR-BORNE DISEASES,2025,17,0.0,0,0,0,0.0,0
696,Leptospirosis,VECTOR-BORNE DISEASES,2025,17,6.0,0,0,26,18.0,13
697,Malaria,VECTOR-BORNE DISEASES,2025,17,0.0,1,0,10,7.0,4
698,Murine Typhus,VECTOR-BORNE DISEASES,2025,17,0.0,3,0,38,16.0,3
699,Nipah Virus Infection,VECTOR-BORNE DISEASES,2025,17,0.0,0,0,0,0.0,0
700,Plague,VECTOR-BORNE DISEASES,2025,17,0.0,0,0,0,0.0,0
701,Yellow Fever,VECTOR-BORNE DISEASES,2025,17,0.0,0,0,0,0.0,0
702,Zika Virus Infection,VECTOR-BORNE DISEASES,2025,17,0.0,1,0,4,6.0,1
703,Avian Influenza,AIR/DROPLET-BORNE DISEASES,2025,17,0.0,0,0,0,0.0,0
704,Diphtheria,AIR/DROPLET-BORNE DISEASES,2025,17,0.0,0,0,0,0.0,0
705,Ebola Virus Disease,AIR/DROPLET-BORNE DISEASES,2025,17,0.0,0,0,0,0.0,0
706,Haemophilus influenzae  type b,AIR/DROPLET-BORNE DISEASES,2025,17,0.0,0,0,0,0.0,0
707,Legionellosis,AIR/DROPLET-BORNE DISEASES,2025,17,0.0,0,0,14,7.0,5
708,Measles,AIR/DROPLET-BORNE DISEASES,2025,17,1.0,0,0,8,6.0,5
709,Melioidosis,AIR/DROPLET-BORNE DISEASES,2025,17,2.0,1,1,20,8.0,11
710,Meningococcal Disease,AIR/DROPLET-BORNE DISEASES,2025,17,1.0,0,0,3,0.0,1
711,Middle East Respiratory Syndrome^,AIR/DROPLET-BORNE DISEASES,2025,17,0.0,0,0,0,0.0,0
712,"#Mpox",AIR/DROPLET-BORNE DISEASES,2025,17,0.0,0,,5,8.0,
713,Mumps,AIR/DROPLET-BORNE DISEASES,2025,17,5.0,1,2,81,84.0,63
714,Pertussis,AIR/DROPLET-BORNE DISEASES,2025,17,0.0,1,0,33,30.0,2
715,Pneumococcal Disease (Invasive),AIR/DROPLET-BORNE DISEASES,2025,17,1.0,3,1,42,48.0,32
716,Rubella,AIR/DROPLET-BORNE DISEASES,2025,17,0.0,0,0,0,0.0,0
717,Severe Acute Respiratory Syndrome,AIR/DROPLET-BORNE DISEASES,2025,17,0.0,0,0,0,0.0,0
718,Tetanus,AIR/DROPLET-BORNE DISEASES,2025,17,0.0,0,0,0,0.0,0
719,Acute Hepatitis B,OTHER DISEASES,2025,17,0.0,2,0,12,10.0,12
720,Acute Hepatitis C,OTHER DISEASES,2025,17,0.0,0,0,15,5.0,5
721,Botulism,OTHER DISEASES,2025,17,0.0,0,0,0,0.0,0
722,Acute Hepatitis A,FOOD/WATER-BORNE DISEASES,2025,18,3.0,1,1,32,12.0,12
723,Acute Hepatitis E,FOOD/WATER-BORNE DISEASES,2025,18,1.0,0,1,17,10.0,18
724,Campylobacteriosis,FOOD/WATER-BORNE DISEASES,2025,18,9.0,8,13,188,166.0,166
725,Cholera,FOOD/WATER-BORNE DISEASES,2025,18,0.0,0,0,2,0.0,0
726,Paratyphoid,FOOD/WATER-BORNE DISEASES,2025,18,0.0,1,0,8,11.0,6
727,Poliomyelitis,FOOD/WATER-BORNE DISEASES,2025,18,0.0,0,0,1,0.0,0
728,Salmonellosis,FOOD/WATER-BORNE DISEASES,2025,18,30.0,17,23,407,434.0,434
729,Typhoid,FOOD/WATER-BORNE DISEASES,2025,18,1.0,2,1,19,19.0,21
730,Chikungunya Fever,VECTOR-BORNE DISEASES,2025,18,0.0,0,0,9,3.0,3
731,Dengue Fever,VECTOR-BORNE DISEASES,2025,18,89.0,247,247,1688,6789.0,6567
732,Dengue Haemorrhagic Fever,VECTOR-BORNE DISEASES,2025,18,0.0,1,0,3,25.0,11
733,Japanese Encephalitis,VECTOR-BORNE DISEASES,2025,18,0.0,0,0,0,0.0,0
734,Leptospirosis,VECTOR-BORNE DISEASES,2025,18,2.0,0,0,28,18.0,13
735,Malaria,VECTOR-BORNE DISEASES,2025,18,0.0,0,0,10,7.0,4
736,Murine Typhus,VECTOR-BORNE DISEASES,2025,18,2.0,1,0,40,17.0,3
737,Nipah Virus Infection,VECTOR-BORNE DISEASES,2025,18,0.0,0,0,0,0.0,0
738,Plague,VECTOR-BORNE DISEASES,2025,18,0.0,0,0,0,0.0,0
739,Yellow Fever,VECTOR-BORNE DISEASES,2025,18,0.0,0,0,0,0.0,0
740,Zika Virus Infection,VECTOR-BORNE DISEASES,2025,18,0.0,0,0,4,6.0,1
741,Avian Influenza,AIR/DROPLET-BORNE DISEASES,2025,18,0.0,0,0,0,0.0,0
742,Diphtheria,AIR/DROPLET-BORNE DISEASES,2025,18,0.0,0,0,0,0.0,0
743,Ebola Virus Disease,AIR/DROPLET-BORNE DISEASES,2025,18,0.0,0,0,0,0.0,0
744,Haemophilus influenzae  type b,AIR/DROPLET-BORNE DISEASES,2025,18,0.0,0,0,0,0.0,0
745,Legionellosis,AIR/DROPLET-BORNE DISEASES,2025,18,2.0,0,0,16,7.0,5
746,Measles,AIR/DROPLET-BORNE DISEASES,2025,18,0.0,1,0,8,7.0,5
747,Melioidosis,AIR/DROPLET-BORNE DISEASES,2025,18,0.0,2,1,20,10.0,12
748,Meningococcal Disease,AIR/DROPLET-BORNE DISEASES,2025,18,0.0,0,0,3,0.0,1
749,Middle East Respiratory Syndrome^,AIR/DROPLET-BORNE DISEASES,2025,18,0.0,0,0,0,0.0,0
750,"#Mpox",AIR/DROPLET-BORNE DISEASES,2025,18,0.0,0,,5,8.0,
751,Mumps,AIR/DROPLET-BORNE DISEASES,2025,18,3.0,6,6,84,90.0,70
752,Pertussis,AIR/DROPLET-BORNE DISEASES,2025,18,3.0,1,1,36,31.0,4
753,Pneumococcal Disease (Invasive),AIR/DROPLET-BORNE DISEASES,2025,18,3.0,3,1,45,51.0,32
754,Rubella,AIR/DROPLET-BORNE DISEASES,2025,18,0.0,0,0,0,0.0,0
755,Severe Acute Respiratory Syndrome,AIR/DROPLET-BORNE DISEASES,2025,18,0.0,0,0,0,0.0,0
756,Tetanus,AIR/DROPLET-BORNE DISEASES,2025,18,0.0,0,0,0,0.0,0
757,Acute Hepatitis B,OTHER DISEASES,2025,18,0.0,2,1,12,12.0,13
758,Acute Hepatitis C,OTHER DISEASES,2025,18,0.0,1,0,15,6.0,6
759,Botulism,OTHER DISEASES,2025,18,0.0,0,0,0,0.0,0
0,Acute Hepatitis A,FOOD/WATER-BORNE DISEASES,2025,19,1.0,0,0,33,12.0,12
1,Acute Hepatitis E,FOOD/WATER-BORNE DISEASES,2025,19,4.0,2,1,21,12.0,18
2,Campylobacteriosis,FOOD/WATER-BORNE DISEASES,2025,19,19.0,6,8,207,172.0,172
3,Cholera,FOOD/WATER-BORNE DISEASES,2025,19,0.0,0,0,2,0.0,0
4,Paratyphoid,FOOD/WATER-BORNE DISEASES,2025,19,0.0,0,0,8,11.0,7
5,Poliomyelitis,FOOD/WATER-BORNE DISEASES,2025,19,0.0,0,0,1,0.0,0
6,Salmonellosis,FOOD/WATER-BORNE DISEASES,2025,19,35.0,21,23,441,455.0,455
7,Typhoid,FOOD/WATER-BORNE DISEASES,2025,19,1.0,0,0,20,19.0,22
8,Chikungunya Fever,VECTOR-BORNE DISEASES,2025,19,0.0,1,0,9,4.0,4
9,Dengue Fever,VECTOR-BORNE DISEASES,2025,19,106.0,323,323,1794,7112.0,7069
10,Dengue Haemorrhagic Fever,VECTOR-BORNE DISEASES,2025,19,0.0,3,3,3,28.0,15
11,Japanese Encephalitis,VECTOR-BORNE DISEASES,2025,19,0.0,0,0,0,0.0,0
12,Leptospirosis,VECTOR-BORNE DISEASES,2025,19,2.0,1,1,30,19.0,13
13,Malaria,VECTOR-BORNE DISEASES,2025,19,0.0,0,0,10,7.0,4
14,Murine Typhus,VECTOR-BORNE DISEASES,2025,19,5.0,6,0,45,23.0,4
15,Nipah Virus Infection,VECTOR-BORNE DISEASES,2025,19,0.0,0,0,0,0.0,0
16,Plague,VECTOR-BORNE DISEASES,2025,19,0.0,0,0,0,0.0,0
17,Yellow Fever,VECTOR-BORNE DISEASES,2025,19,0.0,0,0,0,0.0,0
18,Zika Virus Infection,VECTOR-BORNE DISEASES,2025,19,0.0,0,0,4,6.0,1
19,Avian Influenza,AIR/DROPLET-BORNE DISEASES,2025,19,0.0,0,0,0,0.0,0
20,Diphtheria,AIR/DROPLET-BORNE DISEASES,2025,19,0.0,0,0,0,0.0,0
21,Ebola Virus Disease,AIR/DROPLET-BORNE DISEASES,2025,19,0.0,0,0,0,0.0,0
22,Haemophilus influenzae  type b,AIR/DROPLET-BORNE DISEASES,2025,19,0.0,0,0,0,0.0,0
23,Legionellosis,AIR/DROPLET-BORNE DISEASES,2025,19,1.0,0,0,17,7.0,7
24,Measles,AIR/DROPLET-BORNE DISEASES,2025,19,2.0,0,0,10,7.0,5
25,Melioidosis,AIR/DROPLET-BORNE DISEASES,2025,19,1.0,4,0,21,14.0,14
26,Meningococcal Disease,AIR/DROPLET-BORNE DISEASES,2025,19,0.0,1,0,3,1.0,1
27,Middle East Respiratory Syndrome^,AIR/DROPLET-BORNE DISEASES,2025,19,0.0,0,0,0,0.0,0
28,"#Mpox",AIR/DROPLET-BORNE DISEASES,2025,19,0.0,0,,5,8.0,
29,Mumps,AIR/DROPLET-BORNE DISEASES,2025,19,2.0,7,7,86,97.0,76
30,Pertussis,AIR/DROPLET-BORNE DISEASES,2025,19,6.0,2,0,42,33.0,6
31,Pneumococcal Disease (Invasive),AIR/DROPLET-BORNE DISEASES,2025,19,3.0,1,1,48,52.0,33
32,Rubella,AIR/DROPLET-BORNE DISEASES,2025,19,0.0,0,0,0,0.0,0
33,Severe Acute Respiratory Syndrome,AIR/DROPLET-BORNE DISEASES,2025,19,0.0,0,0,0,0.0,0
34,Tetanus,AIR/DROPLET-BORNE DISEASES,2025,19,0.0,0,0,0,0.0,0
35,Acute Hepatitis B,OTHER DISEASES,2025,19,0.0,0,1,13,12.0,13
36,Acute Hepatitis C,OTHER DISEASES,2025,19,2.0,0,0,18,6.0,6
37,Botulism,OTHER DISEASES,2025,19,0.0,0,0,0,0.0,0
760,Acute Hepatitis A,FOOD/WATER-BORNE DISEASES,2025,20,0.0,0,0,33,12.0,12
761,Acute Hepatitis E,FOOD/WATER-BORNE DISEASES,2025,20,0.0,1,1,21,13.0,20
762,Campylobacteriosis,FOOD/WATER-BORNE DISEASES,2025,20,16.0,12,13,223,184.0,184
763,Cholera,FOOD/WATER-BORNE DISEASES,2025,20,0.0,0,0,2,0.0,0
764,Paratyphoid,FOOD/WATER-BORNE DISEASES,2025,20,0.0,0,0,8,11.0,7
765,Poliomyelitis,FOOD/WATER-BORNE DISEASES,2025,20,0.0,0,0,1,0.0,0
766,Salmonellosis,FOOD/WATER-BORNE DISEASES,2025,20,21.0,23,26,458,478.0,478
767,Typhoid,FOOD/WATER-BORNE DISEASES,2025,20,0.0,2,1,20,21.0,23
768,Chikungunya Fever,VECTOR-BORNE DISEASES,2025,20,0.0,1,0,9,5.0,5
769,Dengue Fever,VECTOR-BORNE DISEASES,2025,20,102.0,291,291,1894,7403.0,7403
770,Dengue Haemorrhagic Fever,VECTOR-BORNE DISEASES,2025,20,1.0,0,2,5,28.0,18
771,Japanese Encephalitis,VECTOR-BORNE DISEASES,2025,20,0.0,0,0,0,0.0,0
772,Leptospirosis,VECTOR-BORNE DISEASES,2025,20,0.0,0,1,30,19.0,14
773,Malaria,VECTOR-BORNE DISEASES,2025,20,0.0,1,0,10,8.0,5
774,Murine Typhus,VECTOR-BORNE DISEASES,2025,20,5.0,0,0,50,23.0,4
775,Nipah Virus Infection,VECTOR-BORNE DISEASES,2025,20,0.0,0,0,0,0.0,0
776,Plague,VECTOR-BORNE DISEASES,2025,20,0.0,0,0,0,0.0,0
777,Yellow Fever,VECTOR-BORNE DISEASES,2025,20,0.0,0,0,0,0.0,0
778,Zika Virus Infection,VECTOR-BORNE DISEASES,2025,20,0.0,1,0,4,7.0,1
779,Avian Influenza,AIR/DROPLET-BORNE DISEASES,2025,20,0.0,0,0,0,0.0,0
780,Diphtheria,AIR/DROPLET-BORNE DISEASES,2025,20,0.0,0,0,0,0.0,0
781,Ebola Virus Disease,AIR/DROPLET-BORNE DISEASES,2025,20,0.0,0,0,0,0.0,0
782,Haemophilus influenzae  type b,AIR/DROPLET-BORNE DISEASES,2025,20,0.0,0,0,0,0.0,0
783,Legionellosis,AIR/DROPLET-BORNE DISEASES,2025,20,0.0,1,1,17,8.0,8
784,Measles,AIR/DROPLET-BORNE DISEASES,2025,20,0.0,1,0,10,8.0,5
785,Melioidosis,AIR/DROPLET-BORNE DISEASES,2025,20,2.0,3,0,23,17.0,15
786,Meningococcal Disease,AIR/DROPLET-BORNE DISEASES,2025,20,1.0,0,0,4,1.0,1
787,Middle East Respiratory Syndrome^,AIR/DROPLET-BORNE DISEASES,2025,20,0.0,0,0,0,0.0,0
788,"#Mpox",AIR/DROPLET-BORNE DISEASES,2025,20,0.0,0,,5,8.0,
789,Mumps,AIR/DROPLET-BORNE DISEASES,2025,20,7.0,4,4,93,101.0,82
790,Pertussis,AIR/DROPLET-BORNE DISEASES,2025,20,0.0,1,0,42,34.0,6
791,Pneumococcal Disease (Invasive),AIR/DROPLET-BORNE DISEASES,2025,20,3.0,2,1,51,54.0,34
792,Rubella,AIR/DROPLET-BORNE DISEASES,2025,20,0.0,0,0,0,0.0,0
793,Severe Acute Respiratory Syndrome,AIR/DROPLET-BORNE DISEASES,2025,20,0.0,0,0,0,0.0,0
794,Tetanus,AIR/DROPLET-BORNE DISEASES,2025,20,0.0,0,0,0,0.0,0
795,Acute Hepatitis B,OTHER DISEASES,2025,20,1.0,1,1,14,13.0,14
796,Acute Hepatitis C,OTHER DISEASES,2025,20,3.0,0,0,20,6.0,6
797,Botulism,OTHER DISEASES,2025,20,0.0,0,0,0,0.0,0
798,Acute Hepatitis A,FOOD/WATER-BORNE DISEASES,2025,21,4.0,2,0,37,14.0,13
799,Acute Hepatitis E,FOOD/WATER-BORNE DISEASES,2025,21,1.0,2,1,22,15.0,21
800,Campylobacteriosis,FOOD/WATER-BORNE DISEASES,2025,21,5.0,6,6,226,190.0,190
801,Cholera,FOOD/WATER-BORNE DISEASES,2025,21,0.0,0,0,2,0.0,0
802,Paratyphoid,FOOD/WATER-BORNE DISEASES,2025,21,0.0,0,0,8,11.0,7
803,Poliomyelitis,FOOD/WATER-BORNE DISEASES,2025,21,0.0,0,0,1,0.0,0
804,Salmonellosis,FOOD/WATER-BORNE DISEASES,2025,21,27.0,41,33,485,564.0,513
805,Typhoid,FOOD/WATER-BORNE DISEASES,2025,21,1.0,0,0,21,21.0,23
806,Chikungunya Fever,VECTOR-BORNE DISEASES,2025,21,0.0,0,0,9,5.0,5
807,Dengue Fever,VECTOR-BORNE DISEASES,2025,21,116.0,287,287,2010,7690.0,7690
808,Dengue Haemorrhagic Fever,VECTOR-BORNE DISEASES,2025,21,2.0,1,1,7,29.0,22
809,Japanese Encephalitis,VECTOR-BORNE DISEASES,2025,21,0.0,0,0,0,0.0,0
810,Leptospirosis,VECTOR-BORNE DISEASES,2025,21,2.0,0,0,32,19.0,18
811,Malaria,VECTOR-BORNE DISEASES,2025,21,0.0,1,1,10,9.0,6
812,Murine Typhus,VECTOR-BORNE DISEASES,2025,21,0.0,0,0,50,23.0,4
813,Nipah Virus Infection,VECTOR-BORNE DISEASES,2025,21,0.0,0,0,0,0.0,0
814,Plague,VECTOR-BORNE DISEASES,2025,21,0.0,0,0,0,0.0,0
815,Yellow Fever,VECTOR-BORNE DISEASES,2025,21,0.0,0,0,0,0.0,0
816,Zika Virus Infection,VECTOR-BORNE DISEASES,2025,21,0.0,0,0,4,7.0,1
817,Avian Influenza,AIR/DROPLET-BORNE DISEASES,2025,21,0.0,0,0,0,0.0,0
818,Diphtheria,AIR/DROPLET-BORNE DISEASES,2025,21,0.0,0,0,0,0.0,0
819,Ebola Virus Disease,AIR/DROPLET-BORNE DISEASES,2025,21,0.0,0,0,0,0.0,0
820,Haemophilus influenzae  type b,AIR/DROPLET-BORNE DISEASES,2025,21,0.0,0,0,0,0.0,0
821,Legionellosis,AIR/DROPLET-BORNE DISEASES,2025,21,0.0,1,0,17,9.0,9
822,Measles,AIR/DROPLET-BORNE DISEASES,2025,21,0.0,0,0,10,8.0,5
823,Melioidosis,AIR/DROPLET-BORNE DISEASES,2025,21,2.0,4,1,25,21.0,16
824,Meningococcal Disease,AIR/DROPLET-BORNE DISEASES,2025,21,0.0,0,0,4,1.0,1
825,Middle East Respiratory Syndrome^,AIR/DROPLET-BORNE DISEASES,2025,21,0.0,0,0,0,0.0,0
826,"#Mpox",AIR/DROPLET-BORNE DISEASES,2025,21,1.0,0,,6,8.0,
827,Mumps,AIR/DROPLET-BORNE DISEASES,2025,21,7.0,6,3,100,107.0,85
828,Pertussis,AIR/DROPLET-BORNE DISEASES,2025,21,2.0,2,0,44,36.0,6
829,Pneumococcal Disease (Invasive),AIR/DROPLET-BORNE DISEASES,2025,21,3.0,1,1,54,55.0,34
830,Rubella,AIR/DROPLET-BORNE DISEASES,2025,21,0.0,0,0,0,0.0,0
831,Severe Acute Respiratory Syndrome,AIR/DROPLET-BORNE DISEASES,2025,21,0.0,0,0,0,0.0,0
832,Tetanus,AIR/DROPLET-BORNE DISEASES,2025,21,0.0,0,0,0,0.0,0
833,Acute Hepatitis B,OTHER DISEASES,2025,21,1.0,2,1,15,15.0,15
834,Acute Hepatitis C,OTHER DISEASES,2025,21,0.0,0,0,20,6.0,6
835,Botulism,OTHER DISEASES,2025,21,0.0,0,0,0,0.0,0
38,Acute Hepatitis A,FOOD/WATER-BORNE DISEASES,2025,22,1,1,0,38,15.0,14
39,Acute Hepatitis E,FOOD/WATER-BORNE DISEASES,2025,22,4,1,0,26,17.0,23
40,Campylobacteriosis,FOOD/WATER-BORNE DISEASES,2025,22,14,7,8,239,202.0,198
41,Cholera,FOOD/WATER-BORNE DISEASES,2025,22,0,0,0,2,0.0,0
42,Paratyphoid,FOOD/WATER-BORNE DISEASES,2025,22,1,1,0,9,12.0,7
43,Poliomyelitis,FOOD/WATER-BORNE DISEASES,2025,22,0,0,0,1,0.0,0
44,Salmonellosis,FOOD/WATER-BORNE DISEASES,2025,22,39,38,32,522,602.0,551
45,Typhoid,FOOD/WATER-BORNE DISEASES,2025,22,0,1,1,21,22.0,23
46,Chikungunya Fever,VECTOR-BORNE DISEASES,2025,22,0,0,0,9,5.0,5
47,Dengue Fever,VECTOR-BORNE DISEASES,2025,22,117,312,312,2127,8002.0,8002
48,Dengue Haemorrhagic Fever,VECTOR-BORNE DISEASES,2025,22,1,1,1,8,30.0,23
49,Japanese Encephalitis,VECTOR-BORNE DISEASES,2025,22,0,0,0,0,0.0,0
50,Leptospirosis,VECTOR-BORNE DISEASES,2025,22,1,2,1,33,21.0,21
51,Malaria,VECTOR-BORNE DISEASES,2025,22,2,0,0,12,9.0,7
52,Murine Typhus,VECTOR-BORNE DISEASES,2025,22,0,3,0,50,26.0,4
53,Nipah Virus Infection,VECTOR-BORNE DISEASES,2025,22,0,0,0,0,0.0,0
54,Plague,VECTOR-BORNE DISEASES,2025,22,0,0,0,0,0.0,0
55,Yellow Fever,VECTOR-BORNE DISEASES,2025,22,0,0,0,0,0.0,0
56,Zika Virus Infection,VECTOR-BORNE DISEASES,2025,22,1,0,0,5,7.0,1
57,Avian Influenza,AIR/DROPLET-BORNE DISEASES,2025,22,0,0,0,0,0.0,0
58,Diphtheria,AIR/DROPLET-BORNE DISEASES,2025,22,0,0,0,0,0.0,0
59,Ebola Virus Disease,AIR/DROPLET-BORNE DISEASES,2025,22,0,0,0,0,0.0,0
60,Haemophilus influenzae  type b,AIR/DROPLET-BORNE DISEASES,2025,22,0,0,0,0,0.0,0
61,Legionellosis,AIR/DROPLET-BORNE DISEASES,2025,22,1,1,0,18,10.0,9
62,Measles,AIR/DROPLET-BORNE DISEASES,2025,22,1,0,0,11,8.0,5
63,Melioidosis,AIR/DROPLET-BORNE DISEASES,2025,22,0,3,1,25,24.0,16
64,Meningococcal Disease,AIR/DROPLET-BORNE DISEASES,2025,22,0,0,0,4,1.0,1
65,Middle East Respiratory Syndrome^,AIR/DROPLET-BORNE DISEASES,2025,22,0,0,0,0,0.0,0
66,Mpox,AIR/DROPLET-BORNE DISEASES,2025,22,1,0,,7,8.0,
67,Mumps,AIR/DROPLET-BORNE DISEASES,2025,22,6,5,3,106,112.0,88
68,Pertussis,AIR/DROPLET-BORNE DISEASES,2025,22,1,2,0,45,38.0,6
69,Pneumococcal Disease (Invasive),AIR/DROPLET-BORNE DISEASES,2025,22,4,2,0,58,57.0,34
70,Rubella,AIR/DROPLET-BORNE DISEASES,2025,22,0,0,0,0,0.0,0
71,Severe Acute Respiratory Syndrome,AIR/DROPLET-BORNE DISEASES,2025,22,0,0,0,0,0.0,0
72,Tetanus,AIR/DROPLET-BORNE DISEASES,2025,22,0,0,0,0,0.0,0
73,Acute Hepatitis B,OTHER DISEASES,2025,22,0,1,1,15,16.0,16
74,Acute Hepatitis C,OTHER DISEASES,2025,22,0,0,0,19,6.0,6
75,Botulism,OTHER DISEASES,2025,22,0,0,0,0,0.0,0
76,Acute Hepatitis A,FOOD/WATER-BORNE DISEASES,2025,23,2,1,0,40,16.0,15
77,Acute Hepatitis E,FOOD/WATER-BORNE DISEASES,2025,23,1,0,0,27,17.0,24
78,Campylobacteriosis,FOOD/WATER-BORNE DISEASES,2025,23,11,8,12,249,210.0,208
79,Cholera,FOOD/WATER-BORNE DISEASES,2025,23,0,0,0,2,0.0,0
80,Paratyphoid,FOOD/WATER-BORNE DISEASES,2025,23,1,1,0,10,13.0,7
81,Poliomyelitis,FOOD/WATER-BORNE DISEASES,2025,23,0,0,0,1,0.0,0
82,Salmonellosis,FOOD/WATER-BORNE DISEASES,2025,23,21,28,28,538,630.0,574
83,Typhoid,FOOD/WATER-BORNE DISEASES,2025,23,3,2,0,24,24.0,25
84,Chikungunya Fever,VECTOR-BORNE DISEASES,2025,23,1,0,0,10,5.0,5
85,Dengue Fever,VECTOR-BORNE DISEASES,2025,23,115,332,332,2242,8334.0,8334
86,Dengue Haemorrhagic Fever,VECTOR-BORNE DISEASES,2025,23,3,1,0,11,31.0,23
87,Japanese Encephalitis,VECTOR-BORNE DISEASES,2025,23,0,0,0,0,0.0,0
88,Leptospirosis,VECTOR-BORNE DISEASES,2025,23,0,1,1,33,22.0,21
89,Malaria,VECTOR-BORNE DISEASES,2025,23,0,0,0,12,9.0,7
90,Murine Typhus,VECTOR-BORNE DISEASES,2025,23,1,2,1,51,28.0,4
91,Nipah Virus Infection,VECTOR-BORNE DISEASES,2025,23,0,0,0,0,0.0,0
92,Plague,VECTOR-BORNE DISEASES,2025,23,0,0,0,0,0.0,0
93,Yellow Fever,VECTOR-BORNE DISEASES,2025,23,0,0,0,0,0.0,0
94,Zika Virus Infection,VECTOR-BORNE DISEASES,2025,23,1,0,0,6,7.0,1
95,Avian Influenza,AIR/DROPLET-BORNE DISEASES,2025,23,0,0,0,0,0.0,0
96,Diphtheria,AIR/DROPLET-BORNE DISEASES,2025,23,0,0,0,0,0.0,0
97,Ebola Virus Disease,AIR/DROPLET-BORNE DISEASES,2025,23,0,0,0,0,0.0,0
98,Haemophilus influenzae  type b,AIR/DROPLET-BORNE DISEASES,2025,23,0,0,0,0,0.0,0
99,Legionellosis,AIR/DROPLET-BORNE DISEASES,2025,23,1,0,0,19,10.0,9
100,Measles,AIR/DROPLET-BORNE DISEASES,2025,23,0,0,0,11,8.0,6
101,Melioidosis,AIR/DROPLET-BORNE DISEASES,2025,23,2,2,1,27,26.0,16
102,Meningococcal Disease,AIR/DROPLET-BORNE DISEASES,2025,23,0,0,0,4,1.0,1
103,Middle East Respiratory Syndrome^,AIR/DROPLET-BORNE DISEASES,2025,23,0,0,0,0,0.0,0
104,Mpox,AIR/DROPLET-BORNE DISEASES,2025,23,0,0,,7,8.0,
105,Mumps,AIR/DROPLET-BORNE DISEASES,2025,23,3,7,2,109,119.0,90
106,Pertussis,AIR/DROPLET-BORNE DISEASES,2025,23,2,5,0,47,43.0,7
107,Pneumococcal Disease (Invasive),AIR/DROPLET-BORNE DISEASES,2025,23,4,1,0,62,58.0,34
108,Rubella,AIR/DROPLET-BORNE DISEASES,2025,23,0,0,0,0,0.0,0
109,Severe Acute Respiratory Syndrome,AIR/DROPLET-BORNE DISEASES,2025,23,0,0,0,0,0.0,0
110,Tetanus,AIR/DROPLET-BORNE DISEASES,2025,23,0,0,0,0,0.0,0
111,Acute Hepatitis B,OTHER DISEASES,2025,23,0,1,0,16,17.0,17
112,Acute Hepatitis C,OTHER DISEASES,2025,23,1,1,0,17,7.0,7
113,Botulism,OTHER DISEASES,2025,23,0,0,0,0,0.0,0
114,Acute Hepatitis A,FOOD/WATER-BORNE DISEASES,2025,24,1,1,0,41,17.0,15
115,Acute Hepatitis E,FOOD/WATER-BORNE DISEASES,2025,24,1,1,1,28,18.0,24
116,Campylobacteriosis,FOOD/WATER-BORNE DISEASES,2025,24,9,14,9,258,224.0,223
117,Cholera,FOOD/WATER-BORNE DISEASES,2025,24,0,0,0,2,0.0,0
118,Paratyphoid,FOOD/WATER-BORNE DISEASES,2025,24,0,0,0,10,13.0,7
119,Poliomyelitis,FOOD/WATER-BORNE DISEASES,2025,24,0,0,0,1,0.0,0
120,Salmonellosis,FOOD/WATER-BORNE DISEASES,2025,24,34,27,32,569,657.0,602
121,Typhoid,FOOD/WATER-BORNE DISEASES,2025,24,0,2,2,24,26.0,26
122,Chikungunya Fever,VECTOR-BORNE DISEASES,2025,24,2,0,0,12,5.0,5
123,Dengue Fever,VECTOR-BORNE DISEASES,2025,24,125,303,303,2367,8637.0,8637
124,Dengue Haemorrhagic Fever,VECTOR-BORNE DISEASES,2025,24,1,0,0,12,31.0,25
125,Japanese Encephalitis,VECTOR-BORNE DISEASES,2025,24,0,0,0,0,0.0,0
126,Leptospirosis,VECTOR-BORNE DISEASES,2025,24,1,0,1,34,22.0,22
127,Malaria,VECTOR-BORNE DISEASES,2025,24,3,1,0,15,10.0,7
128,Murine Typhus,VECTOR-BORNE DISEASES,2025,24,0,1,0,51,29.0,4
129,Nipah Virus Infection,VECTOR-BORNE DISEASES,2025,24,0,0,0,0,0.0,0
130,Plague,VECTOR-BORNE DISEASES,2025,24,0,0,0,0,0.0,0
131,Yellow Fever,VECTOR-BORNE DISEASES,2025,24,0,0,0,0,0.0,0
132,Zika Virus Infection,VECTOR-BORNE DISEASES,2025,24,1,0,0,7,7.0,1
133,Avian Influenza,AIR/DROPLET-BORNE DISEASES,2025,24,0,0,0,0,0.0,0
134,Diphtheria,AIR/DROPLET-BORNE DISEASES,2025,24,0,0,0,0,0.0,0
135,Ebola Virus Disease,AIR/DROPLET-BORNE DISEASES,2025,24,0,0,0,0,0.0,0
136,Haemophilus influenzae  type b,AIR/DROPLET-BORNE DISEASES,2025,24,0,0,0,0,0.0,0
137,Legionellosis,AIR/DROPLET-BORNE DISEASES,2025,24,2,2,0,21,12.0,9
138,Measles,AIR/DROPLET-BORNE DISEASES,2025,24,1,0,0,12,8.0,6
139,Melioidosis,AIR/DROPLET-BORNE DISEASES,2025,24,1,0,0,28,26.0,19
140,Meningococcal Disease,AIR/DROPLET-BORNE DISEASES,2025,24,0,0,0,4,1.0,1
141,Middle East Respiratory Syndrome^,AIR/DROPLET-BORNE DISEASES,2025,24,0,0,0,0,0.0,0
142,Mpox,AIR/DROPLET-BORNE DISEASES,2025,24,1,1,,8,9.0,
143,Mumps,AIR/DROPLET-BORNE DISEASES,2025,24,4,8,5,113,127.0,94
144,Pertussis,AIR/DROPLET-BORNE DISEASES,2025,24,1,2,0,48,45.0,9
145,Pneumococcal Disease (Invasive),AIR/DROPLET-BORNE DISEASES,2025,24,2,2,0,64,60.0,34
146,Rubella,AIR/DROPLET-BORNE DISEASES,2025,24,0,0,0,0,0.0,0
147,Severe Acute Respiratory Syndrome,AIR/DROPLET-BORNE DISEASES,2025,24,0,0,0,0,0.0,0
148,Tetanus,AIR/DROPLET-BORNE DISEASES,2025,24,0,0,0,0,0.0,0
149,Acute Hepatitis B,OTHER DISEASES,2025,24,0,1,1,16,18.0,18
150,Acute Hepatitis C,OTHER DISEASES,2025,24,1,0,0,17,7.0,7
151,Botulism,OTHER DISEASES,2025,24,0,0,0,0,0.0,0
152,Acute Hepatitis A,FOOD/WATER-BORNE DISEASES,2025,25,2,2,0,43,19.0,15
153,Acute Hepatitis E,FOOD/WATER-BORNE DISEASES,2025,25,3,2,0,30,20.0,24
154,Campylobacteriosis,FOOD/WATER-BORNE DISEASES,2025,25,14,11,9,272,235.0,235
155,Cholera,FOOD/WATER-BORNE DISEASES,2025,25,0,0,0,2,0.0,0
156,Paratyphoid,FOOD/WATER-BORNE DISEASES,2025,25,0,0,0,10,13.0,7
157,Poliomyelitis,FOOD/WATER-BORNE DISEASES,2025,25,0,0,0,1,0.0,0
158,Salmonellosis,FOOD/WATER-BORNE DISEASES,2025,25,24,26,28,593,683.0,629
159,Typhoid,FOOD/WATER-BORNE DISEASES,2025,25,1,1,0,25,27.0,27
160,Chikungunya Fever,VECTOR-BORNE DISEASES,2025,25,1,0,0,13,5.0,5
161,Dengue Fever,VECTOR-BORNE DISEASES,2025,25,106,296,296,2472,8933.0,8933
162,Dengue Haemorrhagic Fever,VECTOR-BORNE DISEASES,2025,25,0,1,1,12,32.0,27
163,Japanese Encephalitis,VECTOR-BORNE DISEASES,2025,25,0,0,0,0,0.0,0
164,Leptospirosis,VECTOR-BORNE DISEASES,2025,25,2,1,1,36,23.0,22
165,Malaria,VECTOR-BORNE DISEASES,2025,25,0,0,0,15,10.0,7
166,Murine Typhus,VECTOR-BORNE DISEASES,2025,25,1,4,0,52,33.0,5
167,Nipah Virus Infection,VECTOR-BORNE DISEASES,2025,25,0,0,0,0,0.0,0
168,Plague,VECTOR-BORNE DISEASES,2025,25,0,0,0,0,0.0,0
169,Yellow Fever,VECTOR-BORNE DISEASES,2025,25,0,0,0,0,0.0,0
170,Zika Virus Infection,VECTOR-BORNE DISEASES,2025,25,1,0,0,8,7.0,1
171,Avian Influenza,AIR/DROPLET-BORNE DISEASES,2025,25,0,0,0,0,0.0,0
172,Diphtheria,AIR/DROPLET-BORNE DISEASES,2025,25,0,0,0,0,0.0,0
173,Ebola Virus Disease,AIR/DROPLET-BORNE DISEASES,2025,25,0,0,0,0,0.0,0
174,Haemophilus influenzae  type b,AIR/DROPLET-BORNE DISEASES,2025,25,0,0,0,0,0.0,0
175,Legionellosis,AIR/DROPLET-BORNE DISEASES,2025,25,2,0,0,23,12.0,9
176,Measles,AIR/DROPLET-BORNE DISEASES,2025,25,0,0,0,12,8.0,6
177,Melioidosis,AIR/DROPLET-BORNE DISEASES,2025,25,1,0,0,29,26.0,20
178,Meningococcal Disease,AIR/DROPLET-BORNE DISEASES,2025,25,0,0,0,4,1.0,1
179,Middle East Respiratory Syndrome^,AIR/DROPLET-BORNE DISEASES,2025,25,0,0,0,0,0.0,0
180,Mpox,AIR/DROPLET-BORNE DISEASES,2025,25,0,0,,8,9.0,
181,Mumps,AIR/DROPLET-BORNE DISEASES,2025,25,3,0,4,116,127.0,98
182,Pertussis,AIR/DROPLET-BORNE DISEASES,2025,25,3,6,0,51,51.0,9
183,Pneumococcal Disease (Invasive),AIR/DROPLET-BORNE DISEASES,2025,25,5,2,1,69,62.0,34
184,Rubella,AIR/DROPLET-BORNE DISEASES,2025,25,0,0,0,0,0.0,0
185,Severe Acute Respiratory Syndrome,AIR/DROPLET-BORNE DISEASES,2025,25,0,0,0,0,0.0,0
186,Tetanus,AIR/DROPLET-BORNE DISEASES,2025,25,0,0,0,0,0.0,0
187,Acute Hepatitis B,OTHER DISEASES,2025,25,0,2,0,16,20.0,19
188,Acute Hepatitis C,OTHER DISEASES,2025,25,0,0,0,17,7.0,7
189,Botulism,OTHER DISEASES,2025,25,0,0,0,0,0.0,0
836,Acute Hepatitis A,FOOD/WATER-BORNE DISEASES,2025,26,2,1,1,45,20.0,15
837,Acute Hepatitis E,FOOD/WATER-BORNE DISEASES,2025,26,0,0,0,30,20.0,24
838,Campylobacteriosis,FOOD/WATER-BORNE DISEASES,2025,26,13,13,14,285,248.0,251
839,Cholera,FOOD/WATER-BORNE DISEASES,2025,26,0,0,0,2,0.0,0
840,Paratyphoid,FOOD/WATER-BORNE DISEASES,2025,26,0,0,0,10,13.0,7
841,Poliomyelitis,FOOD/WATER-BORNE DISEASES,2025,26,0,0,0,1,0.0,0
842,Salmonellosis,FOOD/WATER-BORNE DISEASES,2025,26,32,43,31,625,726.0,675
843,Typhoid,FOOD/WATER-BORNE DISEASES,2025,26,2,0,0,27,27.0,27
844,Chikungunya Fever,VECTOR-BORNE DISEASES,2025,26,0,1,0,14,6.0,6
845,Dengue Fever,VECTOR-BORNE DISEASES,2025,26,100,291,291,2572,9224.0,9224
846,Dengue Haemorrhagic Fever,VECTOR-BORNE DISEASES,2025,26,1,0,0,13,32.0,27
847,Japanese Encephalitis,VECTOR-BORNE DISEASES,2025,26,0,0,0,0,0.0,0
848,Leptospirosis,VECTOR-BORNE DISEASES,2025,26,3,2,0,40,25.0,22
849,Malaria,VECTOR-BORNE DISEASES,2025,26,2,0,0,17,10.0,7
850,Murine Typhus,VECTOR-BORNE DISEASES,2025,26,3,2,0,55,35.0,5
851,Nipah Virus Infection,VECTOR-BORNE DISEASES,2025,26,0,0,0,0,0.0,0
852,Plague,VECTOR-BORNE DISEASES,2025,26,0,0,0,0,0.0,0
853,Yellow Fever,VECTOR-BORNE DISEASES,2025,26,0,0,0,0,0.0,0
854,Zika Virus Infection,VECTOR-BORNE DISEASES,2025,26,1,1,0,9,8.0,1
855,Avian Influenza,AIR/DROPLET-BORNE DISEASES,2025,26,0,0,0,0,0.0,0
856,Diphtheria,AIR/DROPLET-BORNE DISEASES,2025,26,0,0,0,0,0.0,0
857,Ebola Virus Disease,AIR/DROPLET-BORNE DISEASES,2025,26,0,0,0,0,0.0,0
858,Haemophilus influenzae  type b,AIR/DROPLET-BORNE DISEASES,2025,26,0,0,0,0,0.0,0
859,Legionellosis,AIR/DROPLET-BORNE DISEASES,2025,26,1,2,1,24,14.0,10
860,Measles,AIR/DROPLET-BORNE DISEASES,2025,26,1,0,0,13,8.0,6
861,Melioidosis,AIR/DROPLET-BORNE DISEASES,2025,26,1,2,1,30,28.0,20
862,Meningococcal Disease,AIR/DROPLET-BORNE DISEASES,2025,26,0,0,0,4,1.0,1
863,Middle East Respiratory Syndrome^,AIR/DROPLET-BORNE DISEASES,2025,26,0,0,0,0,0.0,0
864,Mpox,AIR/DROPLET-BORNE DISEASES,2025,26,0,0,,8,9.0,
865,Mumps,AIR/DROPLET-BORNE DISEASES,2025,26,2,7,6,118,134.0,100
866,Pertussis,AIR/DROPLET-BORNE DISEASES,2025,26,2,1,0,53,52.0,10
867,Pneumococcal Disease (Invasive),AIR/DROPLET-BORNE DISEASES,2025,26,1,2,1,70,64.0,34
868,Rubella,AIR/DROPLET-BORNE DISEASES,2025,26,0,0,0,0,0.0,0
869,Severe Acute Respiratory Syndrome,AIR/DROPLET-BORNE DISEASES,2025,26,0,0,0,0,0.0,0
870,Tetanus,AIR/DROPLET-BORNE DISEASES,2025,26,0,0,0,0,0.0,0
871,Acute Hepatitis B,OTHER DISEASES,2025,26,0,2,0,16,22.0,19
872,Acute Hepatitis C,OTHER DISEASES,2025,26,0,1,0,17,8.0,8
873,Botulism,OTHER DISEASES,2025,26,0,0,0,0,0.0,0
